source_label_rate_q,proxy_noise_sigma,n_seeds,n_rows,causal_regret_per_round_mean,causal_regret_per_round_se,causal_regret_per_round_ci_low,causal_regret_per_round_ci_high,causal_regret_all_rounds_mean,causal_regret_all_rounds_se,causal_regret_all_rounds_ci_low,causal_regret_all_rounds_ci_high,final_causal_regret_mean,final_causal_regret_se,final_causal_regret_ci_low,final_causal_regret_ci_high,proxy_state_error_per_round_mean,proxy_state_error_per_round_se,proxy_state_error_per_round_ci_low,proxy_state_error_per_round_ci_high,absolute_proxy_distortion_per_round_mean,absolute_proxy_distortion_per_round_se,absolute_proxy_distortion_per_round_ci_low,absolute_proxy_distortion_per_round_ci_high,proxy_ranking_reversal_rate_mean,proxy_ranking_reversal_rate_se,proxy_ranking_reversal_rate_ci_low,proxy_ranking_reversal_rate_ci_high,mean_delay_mean,mean_delay_se,mean_delay_ci_low,mean_delay_ci_high,pending_at_horizon_mean,pending_at_horizon_se,pending_at_horizon_ci_low,pending_at_horizon_ci_high,pending_fraction_mean,pending_fraction_se,pending_fraction_ci_low,pending_fraction_ci_high,source_state_mismatch_mean,source_state_mismatch_se,source_state_mismatch_ci_low,source_state_mismatch_ci_high,ranking_reversal_rate_mean,ranking_reversal_rate_se,ranking_reversal_rate_ci_low,ranking_reversal_rate_ci_high,wrong_assignment_rate_mean,wrong_assignment_rate_se,wrong_assignment_rate_ci_low,wrong_assignment_rate_ci_high,labelled_arrival_fraction_mean,labelled_arrival_fraction_se,labelled_arrival_fraction_ci_low,labelled_arrival_fraction_ci_high,oracle_normalized_recovery_mean,oracle_normalized_recovery_se,oracle_normalized_recovery_ci_low,oracle_normalized_recovery_ci_high,source_labelled_normalized_recovery_mean,source_labelled_normalized_recovery_se,source_labelled_normalized_recovery_ci_low,source_labelled_normalized_recovery_ci_high,ci_level,uncertainty_unit,n_bootstrap
0.0,0.05,30,30,0.5382523902332117,0.0018399932215885841,0.5346584063921109,0.5418356330752453,0.5427018051140059,0.0017535304463157323,0.5392885785391304,0.5461600093924444,2713.509025570029,8.767652231578664,2695.0643789875767,2729.732008220714,0.07975214167405947,0.00010089979772967928,0.07955028890456299,0.079942630011137,0.016242431315976566,6.143729018699763e-05,0.016121595486206498,0.01636655916504918,0.0068133333333333344,0.0002126857988727635,0.0064,0.0072334999999999995,2.0,0.0,2.0,2.0,5.633333333333334,0.11227361214762055,5.4,5.833333333333333,0.0011266666666666667,2.2454722429524106e-05,0.0010866666666666666,0.0011666666666666665,0.3057432572330691,0.0016884030082483271,0.30255189091937834,0.3092840227838349,0.1666811073045147,0.0003052590267960014,0.16609375472212065,0.16727200540757434,0.0,0.0,0.0,0.0,0.0,0.0,0.0,0.0,0.10332052137456653,0.006174104708320127,0.09135848605514145,0.11445427636455234,0.18979123474561602,0.01066969636708072,0.16844390919726496,0.2108005944810816,0.95,shared_simulation_seed_percentile_bootstrap,2000
0.0,0.1,30,30,0.541969084541462,0.0022985260818156744,0.5375984834813661,0.5460302565567734,0.5461771822473999,0.002225161064177361,0.5417522773949984,0.5504554713015825,2730.8859112369996,11.125805320886807,2708.3890764290168,2753.3178308388706,0.15950428334811897,0.00020179959545936209,0.1591006908341556,0.15989063119515484,0.0353701590059828,0.0001206428688349706,0.03514110324061685,0.03560468081312642,0.07456666666666667,0.0009903016298116764,0.07277333333333334,0.07654666666666668,2.0,0.0,2.0,2.0,5.633333333333334,0.11227361214762055,5.4,5.833333333333333,0.0011266666666666667,2.2454722429524106e-05,0.00108,0.0011666666666666665,0.3057432572330691,0.0016884030082483271,0.3025962855571361,0.3090399470596816,0.1666811073045147,0.0003052590267960014,0.16610934564556182,0.16727617778993364,0.0,0.0,0.0,0.0,0.0,0.0,0.0,0.0,0.09707760901337367,0.006883049142476949,0.08303378171673294,0.11002797915364364,0.17802905872166017,0.012056146557356243,0.15541917814063466,0.20054991302134467,0.95,shared_simulation_seed_percentile_bootstrap,2000
0.0,0.25,30,30,0.5436468055476691,0.002595218196437939,0.5385135008853942,0.5486987367618283,0.5477789228065343,0.0025291641054805427,0.5428354234884576,0.5524852708656188,2738.8946140326725,12.645820527402726,2714.967392621317,2763.6985805838003,0.3987607083702976,0.0005044989886484046,0.39780338109908936,0.3997021410220646,0.09326290226641527,0.00026321893204591626,0.09273365104683516,0.09378721285281875,0.39639333333333326,0.0018322144966367402,0.3927798333333334,0.39980033333333337,2.0,0.0,2.0,2.0,5.633333333333334,0.11227361214762055,5.432500000000002,5.834166666666662,0.0011266666666666667,2.2454722429524106e-05,0.00108,0.0011666666666666665,0.3057432572330691,0.0016884030082483271,0.3026115438751553,0.3091507870349089,0.1666811073045147,0.0003052590267960014,0.16611927708591034,0.1672606997821586,0.0,0.0,0.0,0.0,0.0,0.0,0.0,0.0,0.09435510179849485,0.006829692888253911,0.08125497553031216,0.10721375694710475,0.1731745459100488,0.011889896295834704,0.15038187190228347,0.19650811004412647,0.95,shared_simulation_seed_percentile_bootstrap,2000
0.0,0.5,30,30,0.5516289405214927,0.0021502173881187366,0.547493083350811,0.5557429251873582,0.5553042661600337,0.002072082507883986,0.5513046702083263,0.559249536104653,2776.5213308001685,10.360412539419928,2756.7446811535024,2795.220507748642,0.7975214167405953,0.0010089979772968103,0.7956135820357771,0.7993327948653288,0.14746638215615382,0.00037547222089781866,0.1467339785736188,0.14819798317238458,0.6264000000000002,0.0021854692544323205,0.6222198333333334,0.6306741666666668,2.0,0.0,2.0,2.0,5.633333333333334,0.11227361214762055,5.4,5.833333333333333,0.0011266666666666667,2.2454722429524106e-05,0.00108,0.0011666666666666665,0.3057432572330691,0.0016884030082483271,0.3026073568692596,0.309030834896527,0.1666811073045147,0.0003052590267960014,0.16611928858862446,0.1672818333584709,0.0,0.0,0.0,0.0,0.0,0.0,0.0,0.0,0.08084579344604807,0.007473174975256845,0.06570137376718756,0.0945774483887486,0.147983423387789,0.013321070865883983,0.12139956372921686,0.17118170577159525,0.95,shared_simulation_seed_percentile_bootstrap,2000
0.0,1.0,30,30,0.5617262725981517,0.002012829578063055,0.5579070326801184,0.5655911260684267,0.5649986183245214,0.0020016364637457135,0.5610108383738466,0.5687197417100779,2824.9930916226062,10.00818231872857,2805.1953733636783,2844.3438248073685,1.5950428334811904,0.002017995954593621,1.5910069083415563,1.5989063119515485,0.17126998198228324,0.00042654579814282615,0.17045335930130678,0.1720891587456702,0.7612866666666667,0.0021772846810592978,0.7571458333333334,0.7655001666666664,2.0,0.0,2.0,2.0,5.633333333333334,0.11227361214762055,5.4,5.833333333333333,0.0011266666666666667,2.2454722429524106e-05,0.00108,0.0011666666666666665,0.3057432572330691,0.0016884030082483271,0.3025962855571361,0.3090399470596816,0.1666811073045147,0.0003052590267960014,0.16610934564556182,0.16727617778993364,0.0,0.0,0.0,0.0,0.0,0.0,0.0,0.0,0.06413911831908622,0.006876922884095614,0.05060418595721699,0.07807638870098484,0.11698952025198955,0.012180818944205802,0.09449117683645919,0.14053815380787069,0.95,shared_simulation_seed_percentile_bootstrap,2000
0.1,0.05,30,30,0.5012854473491489,0.002406077281873137,0.4963813587817897,0.5059318725650628,0.5073289231228676,0.002250166784563694,0.5030425085660107,0.5115008576093795,2536.644615614338,11.250833922818464,2515.311810102366,2557.6399261858023,0.07975214167405947,0.00010089979772967928,0.07955492058693382,0.07994735383164342,0.016242431315976566,6.143729018699763e-05,0.016124543380724787,0.016359475818600814,0.0068133333333333344,0.0002126857988727635,0.006413333333333334,0.00722,2.0,0.0,2.0,2.0,5.633333333333334,0.11227361214762055,5.4,5.833333333333333,0.0011266666666666667,2.2454722429524106e-05,0.0010866666666666666,0.0011666666666666665,0.3057432572330691,0.0016884030082483271,0.3028034669330463,0.30946766064495124,0.1666811073045147,0.0003052590267960014,0.1661002951268363,0.167269549329441,0.0,0.0,0.0,0.0,0.10045313288999344,0.0008008826400431609,0.09879666077791999,0.1018565648610798,0.1646487917795187,0.007458051157040187,0.15033810285014473,0.17851629403253896,0.30320213275330976,0.012451533650519155,0.27901675261850295,0.3276384549669188,0.95,shared_simulation_seed_percentile_bootstrap,2000
0.1,0.1,30,30,0.5056424846251273,0.002617063110414016,0.5007620432093892,0.5107556064157212,0.5115960664326115,0.0024623007029792817,0.5068389184995193,0.5161646956085407,2557.9803321630575,12.311503514896419,2533.24680443532,2582.678465140091,0.15950428334811897,0.00020179959545936209,0.1591127822745787,0.15987562187081825,0.0353701590059828,0.0001206428688349706,0.03515135331349218,0.03561016853377128,0.07456666666666667,0.0009903016298116764,0.07264666666666668,0.07637999999999999,2.0,0.0,2.0,2.0,5.633333333333334,0.11227361214762055,5.4,5.833333333333333,0.0011266666666666667,2.2454722429524106e-05,0.00108,0.0011666666666666665,0.3057432572330691,0.0016884030082483271,0.3026927686763795,0.3088787393379316,0.1666811073045147,0.0003052590267960014,0.1660981656768995,0.16727954251051236,0.0,0.0,0.0,0.0,0.10045313288999344,0.0008008826400431609,0.09890601678125718,0.1020458828656718,0.15783485354503812,0.005780585368172658,0.146120603650343,0.1682500684703519,0.29108730631504887,0.009588176470030262,0.27274803622124233,0.30905803466469545,0.95,shared_simulation_seed_percentile_bootstrap,2000
0.1,0.25,30,30,0.5058834650809507,0.0021420732372863507,0.5018604696303036,0.5099283794695357,0.5117026461790801,0.0020122757695539076,0.5079004932671123,0.5155249570518474,2558.5132308954007,10.061378847769529,2540.042420988018,2577.663698821749,0.3987607083702976,0.0005044989886484046,0.39779333908458564,0.39974203162248506,0.09326290226641527,0.00026321893204591626,0.09276091940623732,0.09376231002164906,0.39639333333333326,0.0018322144966367402,0.39280000000000004,0.39979366666666666,2.0,0.0,2.0,2.0,5.633333333333334,0.11227361214762055,5.4,5.833333333333333,0.0011266666666666667,2.2454722429524106e-05,0.0010800000000000002,0.0011666666666666665,0.3057432572330691,0.0016884030082483271,0.3026663609313808,0.30934390093315967,0.1666811073045147,0.0003052590267960014,0.16613713444225367,0.16726514638056292,0.0,0.0,0.0,0.0,0.10045313288999344,0.0008008826400431609,0.09899522322033708,0.10198680542612162,0.15712691730111258,0.006715653605423478,0.14394676562140712,0.1692390922298038,0.2892976874858313,0.011162094736891264,0.26751918537105723,0.31032119308261513,0.95,shared_simulation_seed_percentile_bootstrap,2000
0.1,0.5,30,30,0.5087450342128113,0.0024578897796533913,0.5039446255003202,0.513328830489692,0.5142746626688927,0.0024142473628694255,0.5097109512054598,0.5189726570108959,2571.373313344463,12.071236814347131,2548.277230348361,2593.8462264213617,0.7975214167405953,0.0010089979772968103,0.7955814926835564,0.7993953279507096,0.14746638215615382,0.00037547222089781866,0.14670370929877152,0.14821394109011737,0.6264000000000002,0.0021854692544323205,0.6222118333333333,0.6308668333333334,2.0,0.0,2.0,2.0,5.633333333333334,0.11227361214762055,5.433333333333334,5.833333333333333,0.0011266666666666667,2.2454722429524106e-05,0.0010866666666666663,0.0011666666666666665,0.3057432572330691,0.0016884030082483271,0.3026910113707914,0.30913282967908606,0.1666811073045147,0.0003052590267960014,0.1660626216034839,0.16727626915758628,0.0,0.0,0.0,0.0,0.10045313288999344,0.0008008826400431609,0.09892594059455685,0.10208820905341236,0.15251577038511377,0.006314604575614844,0.14030901376389643,0.16495958838759997,0.2809603810044782,0.010388102837233138,0.2624638406853803,0.30116949770467366,0.95,shared_simulation_seed_percentile_bootstrap,2000
0.1,1.0,30,30,0.5233544497156557,0.002228874460599348,0.5189853006834533,0.5278046459846804,0.5281684080228873,0.0021819221707580273,0.5239810916140001,0.5322756322638008,2640.842040114437,10.909610853790134,2620.050078465177,2661.62112811521,1.5950428334811904,0.002017995954593621,1.5911278227457868,1.5987562187081834,0.17126998198228324,0.00042654579814282615,0.1704619097490756,0.17210598183943823,0.7612866666666667,0.0021772846810592978,0.7570066666666666,0.7653533333333332,2.0,0.0,2.0,2.0,5.633333333333334,0.11227361214762055,5.4,5.833333333333333,0.0011266666666666667,2.2454722429524106e-05,0.00108,0.0011666666666666665,0.3057432572330691,0.0016884030082483271,0.3026927686763795,0.3088787393379316,0.1666811073045147,0.0003052590267960014,0.1660981656768995,0.16727954251051236,0.0,0.0,0.0,0.0,0.10045313288999344,0.0008008826400431609,0.09890601678125718,0.1020458828656718,0.12792269075857843,0.007319435687077226,0.11407819975034153,0.14209653578470607,0.23513821190276427,0.01245957186630086,0.21119779720749512,0.2595213580928694,0.95,shared_simulation_seed_percentile_bootstrap,2000
0.3,0.05,30,30,0.43277209029005065,0.002091585369199579,0.42869798665036496,0.43683720835142925,0.44196442404237296,0.0020707794118716115,0.43782119420035953,0.4458329500761873,2209.8221202118652,10.353897059358054,2190.0020736803276,2228.5842303362633,0.07975214167405947,0.00010089979772967928,0.0795586678169171,0.07994840632449696,0.016242431315976566,6.143729018699763e-05,0.01612770254726814,0.016358889814380845,0.0068133333333333344,0.0002126857988727635,0.0064266666666666665,0.007206833333333333,2.0,0.0,2.0,2.0,5.633333333333334,0.11227361214762055,5.4,5.833333333333333,0.0011266666666666667,2.2454722429524106e-05,0.0010800000000000002,0.0011666666666666665,0.3057432572330691,0.0016884030082483271,0.3026663609313808,0.30934390093315967,0.1666811073045147,0.0003052590267960014,0.16613713444225367,0.16726514638056292,0.0,0.0,0.0,0.0,0.3002983643145546,0.0013484863210878237,0.29770733480067674,0.30298358399408487,0.27896661674559736,0.005850492132430993,0.26780308239950396,0.2902293072632492,0.5153560805693866,0.008525140350683347,0.4995332217605255,0.531519905804587,0.95,shared_simulation_seed_percentile_bootstrap,2000
0.3,0.1,30,30,0.43327900737189307,0.0015353112068767342,0.4303134896948283,0.436063875462867,0.44225876928838553,0.0013649656957599244,0.43952533578013503,0.4449355636296985,2211.2938464419276,6.824828478799627,2197.9063196055754,2224.2951424211924,0.15950428334811897,0.00020179959545936209,0.1590977614250343,0.1598913443137062,0.0353701590059828,0.0001206428688349706,0.03513460062587872,0.03560293564222663,0.07456666666666667,0.0009903016298116764,0.07261966666666667,0.07660016666666666,2.0,0.0,2.0,2.0,5.633333333333334,0.11227361214762055,5.433333333333334,5.833333333333333,0.0011266666666666667,2.2454722429524106e-05,0.0010800000000000002,0.0011666666666666665,0.3057432572330691,0.0016884030082483271,0.302615192987246,0.30903745384049575,0.1666811073045147,0.0003052590267960014,0.16610033586237574,0.16728283784553974,0.0,0.0,0.0,0.0,0.3002983643145546,0.0013484863210878237,0.29784182687560073,0.3028147598229168,0.2781306575560242,0.005349242017399528,0.2675478628921899,0.28838914282298006,0.5139360094269642,0.007752887385396492,0.49867893412758013,0.5283878550631019,0.95,shared_simulation_seed_percentile_bootstrap,2000
0.3,0.25,30,30,0.4359706027742221,0.0019995916685470855,0.4323200486876922,0.43984151371623764,0.4449889601768807,0.001946136587170763,0.4411791143470493,0.4488762523237245,2224.9448008844047,9.730682935853814,2205.7789755398085,2242.086941021137,0.3987607083702976,0.0005044989886484046,0.39775702603251495,0.3996808446894639,0.09326290226641527,0.00026321893204591626,0.09274515299258496,0.0937657662426297,0.39639333333333326,0.0018322144966367402,0.39289983333333334,0.40004066666666654,2.0,0.0,2.0,2.0,5.633333333333334,0.11227361214762055,5.4,5.833333333333333,0.0011266666666666667,2.2454722429524106e-05,0.0010866666666666666,0.0011666666666666665,0.3057432572330691,0.0016884030082483271,0.30266679046729394,0.30920868814835584,0.1666811073045147,0.0003052590267960014,0.16612587438024506,0.1672374241896462,0.0,0.0,0.0,0.0,0.3002983643145546,0.0013484863210878237,0.29767253320612447,0.3029190812187051,0.2736056917601343,0.005929783698028916,0.26201581948569025,0.2852279510056545,0.5053532253252891,0.008691115260319602,0.48840157676691215,0.522506964378553,0.95,shared_simulation_seed_percentile_bootstrap,2000
0.3,0.5,30,30,0.4390003263695991,0.0015121285498437454,0.4361355069407109,0.4419554799579486,0.44778439603261827,0.00147198546233595,0.4449283846143066,0.4505642403295428,2238.921980163091,7.3599273116797415,2224.3651863688533,2253.066257754374,0.7975214167405953,0.0010089979772968103,0.7954763774700122,0.7993775823930735,0.14746638215615382,0.00037547222089781866,0.1467803474554113,0.14817928297340757,0.6264000000000002,0.0021854692544323205,0.6222531666666666,0.6304548333333333,2.0,0.0,2.0,2.0,5.633333333333334,0.11227361214762055,5.4,5.833333333333333,0.0011266666666666667,2.2454722429524106e-05,0.00108,0.0011666666666666665,0.3057432572330691,0.0016884030082483271,0.30262974242403373,0.3091503028262978,0.1666811073045147,0.0003052590267960014,0.16608033176670842,0.16727409862940434,0.0,0.0,0.0,0.0,0.3002983643145546,0.0013484863210878237,0.29774152272879933,0.30297690325512033,0.2685267694022157,0.005669026568180994,0.2578488837467682,0.2800100381614316,0.4959947342332381,0.00817390528071926,0.4800662485930606,0.5118667649619237,0.95,shared_simulation_seed_percentile_bootstrap,2000
0.3,1.0,30,30,0.45173163572848,0.0020399359334213403,0.4476095766751014,0.45570017695990084,0.4600911965822493,0.0019471047523092267,0.456285544390413,0.46385618683731294,2300.4559829112463,9.73552376154614,2281.4843805399105,2319.464745471111,1.5950428334811904,0.002017995954593621,1.5909776142503436,1.598913443137062,0.17126998198228324,0.00042654579814282615,0.17043865509041883,0.1720791872315737,0.7612866666666667,0.0021772846810592978,0.7573196666666665,0.7656208333333334,2.0,0.0,2.0,2.0,5.633333333333334,0.11227361214762055,5.433333333333334,5.833333333333333,0.0011266666666666667,2.2454722429524106e-05,0.0010800000000000002,0.0011666666666666665,0.3057432572330691,0.0016884030082483271,0.302615192987246,0.30903745384049575,0.1666811073045147,0.0003052590267960014,0.16610033586237574,0.16728283784553974,0.0,0.0,0.0,0.0,0.3002983643145546,0.0013484863210878237,0.29784182687560073,0.3028147598229168,0.2473510297166938,0.006121232080357159,0.23552717099985976,0.25892145154470264,0.4566983675199841,0.00938449714581216,0.4384014253146011,0.47459676784293076,0.95,shared_simulation_seed_percentile_bootstrap,2000
0.5,0.05,30,30,0.37440406068143217,0.0015635100445709597,0.37129878051716436,0.37742488801766677,0.38536941226737204,0.0015272146779436236,0.38226552248997625,0.38826448227054683,1926.8470613368602,7.636073389718117,1911.6772508745705,1941.205337559001,0.07975214167405947,0.00010089979772967928,0.07955140520650296,0.07993616893789277,0.016242431315976566,6.143729018699763e-05,0.016123333196982607,0.016361326752491953,0.0068133333333333344,0.0002126857988727635,0.006406666666666667,0.007233333333333332,2.0,0.0,2.0,2.0,5.633333333333334,0.11227361214762055,5.4,5.833333333333333,0.0011266666666666667,2.2454722429524106e-05,0.0010866666666666666,0.0011666666666666665,0.3057432572330691,0.0016884030082483271,0.30266679046729394,0.30920868814835584,0.1666811073045147,0.0003052590267960014,0.16612587438024506,0.1672374241896462,0.0,0.0,0.0,0.0,0.4983615319826321,0.0014499751456570795,0.49545826732491544,0.5010315206208303,0.37614878036987676,0.005091223142664446,0.3668443164225349,0.3864113103976453,0.6955481013918372,0.006276722297680228,0.6831431674244238,0.707448156540128,0.95,shared_simulation_seed_percentile_bootstrap,2000
0.5,0.1,30,30,0.3774383753061674,0.0016533444681371455,0.3742456649961073,0.38055910452576447,0.38832515856926003,0.0016362001183580024,0.38500847847768316,0.39149824567073416,1941.6257928462999,8.181000591790008,1926.2296941914713,1958.0213143028225,0.15950428334811897,0.00020179959545936209,0.15911629853671125,0.1598790655901419,0.0353701590059828,0.0001206428688349706,0.03512684082614059,0.035604360488365,0.07456666666666667,0.0009903016298116764,0.07274666666666668,0.0765735,2.0,0.0,2.0,2.0,5.633333333333334,0.11227361214762055,5.433333333333334,5.833333333333333,0.0011266666666666667,2.2454722429524106e-05,0.0010866666666666663,0.0011666666666666665,0.3057432572330691,0.0016884030082483271,0.3026910113707914,0.30913282967908606,0.1666811073045147,0.0003052590267960014,0.1660626216034839,0.16727626915758628,0.0,0.0,0.0,0.0,0.4983615319826321,0.0014499751456570795,0.49536480008825706,0.5012246394637433,0.3711775537601697,0.004842993329526924,0.3617777818861471,0.3804526524914433,0.6863073162971265,0.00555684293518537,0.6762965805098184,0.697235420773522,0.95,shared_simulation_seed_percentile_bootstrap,2000
0.5,0.25,30,30,0.3747133382661259,0.001302359237590087,0.3722419805476772,0.37728088755625966,0.38601301516928105,0.001308681957833896,0.38345524266985687,0.3885599905511796,1930.065075846405,6.5434097891694725,1917.1724427065528,1942.6863207083904,0.3987607083702976,0.0005044989886484046,0.39772575895645423,0.39973389904771806,0.09326290226641527,0.00026321893204591626,0.09276573658138675,0.09376776236325295,0.39639333333333326,0.0018322144966367402,0.3928866666666667,0.399827,2.0,0.0,2.0,2.0,5.633333333333334,0.11227361214762055,5.4,5.833333333333333,0.0011266666666666667,2.2454722429524106e-05,0.00108,0.0011666666666666665,0.3057432572330691,0.0016884030082483271,0.30254949601640846,0.3092347098112076,0.1666811073045147,0.0003052590267960014,0.1660614168877414,0.16728634788501184,0.0,0.0,0.0,0.0,0.4983615319826321,0.0014499751456570795,0.49554762274521474,0.5011882818937247,0.3756320967199217,0.004920244128298921,0.36577139861068053,0.38485413048975986,0.6945255281541417,0.005665453275641675,0.683331217159549,0.7054098854828047,0.95,shared_simulation_seed_percentile_bootstrap,2000
0.5,0.5,30,30,0.3808122199987848,0.0013105943038612558,0.3782820274318893,0.38333327269144446,0.39181120431173283,0.0012900678437891642,0.38933144875177206,0.3943230084851141,1959.056021558664,6.450339218945834,1947.065339265332,1970.722895429301,0.7975214167405953,0.0010089979772968103,0.7955222174946883,0.7994477974828931,0.14746638215615382,0.00037547222089781866,0.14670328077319875,0.14815115223215652,0.6264000000000002,0.0021854692544323205,0.6221861666666666,0.6305268333333335,2.0,0.0,2.0,2.0,5.633333333333334,0.11227361214762055,5.433333333333334,5.866666666666666,0.0011266666666666667,2.2454722429524106e-05,0.00108,0.0011666666666666668,0.3057432572330691,0.0016884030082483271,0.30271319651433315,0.3091978821461209,0.1666811073045147,0.0003052590267960014,0.16609901810707428,0.16727178024220302,0.0,0.0,0.0,0.0,0.4983615319826321,0.0014499751456570795,0.4956452011337354,0.5010814733166244,0.36545643827803215,0.005043108120105021,0.35535892548177433,0.3749858207380427,0.6758297137119981,0.006615259582875453,0.6631020677614071,0.6884427987520572,0.95,shared_simulation_seed_percentile_bootstrap,2000
0.5,1.0,30,30,0.38674370187050766,0.001507294900446992,0.38385071450291164,0.38962429781566865,0.39768920637914856,0.0014828347112189333,0.39466670535366655,0.40045138267244834,1988.446031895743,7.414173556094655,1974.3353577439495,2002.27636635047,1.5950428334811904,0.002017995954593621,1.5911629853671128,1.598790655901419,0.17126998198228324,0.00042654579814282615,0.17043526026084457,0.17210151917318964,0.7612866666666667,0.0021772846810592978,0.7570861666666665,0.7657201666666666,2.0,0.0,2.0,2.0,5.633333333333334,0.11227361214762055,5.433333333333334,5.833333333333333,0.0011266666666666667,2.2454722429524106e-05,0.0010866666666666663,0.0011666666666666665,0.3057432572330691,0.0016884030082483271,0.3026910113707914,0.30913282967908606,0.1666811073045147,0.0003052590267960014,0.1660626216034839,0.16727626915758628,0.0,0.0,0.0,0.0,0.4983615319826321,0.0014499751456570795,0.49536480008825706,0.5012246394637433,0.3557184538610563,0.004592422312481326,0.34712942559322096,0.3643697458585513,0.6578192034290037,0.005546969537740755,0.6472020598716383,0.6689513800595633,0.95,shared_simulation_seed_percentile_bootstrap,2000
0.7,0.05,30,30,0.3260498073484276,0.0013378543999681193,0.3235674410448069,0.32856367075010307,0.3390502633872719,0.001283331941558053,0.3365646282313826,0.3415966458121609,1695.2513169363592,6.416659707790273,1683.2030880217658,1707.444979305786,0.07975214167405947,0.00010089979772967928,0.07954515179129082,0.07994677980954357,0.016242431315976566,6.143729018699763e-05,0.016127259784728353,0.01636125871303288,0.0068133333333333344,0.0002126857988727635,0.00644,0.007239999999999999,2.0,0.0,2.0,2.0,5.633333333333334,0.11227361214762055,5.4,5.833333333333333,0.0011266666666666667,2.2454722429524106e-05,0.00108,0.0011666666666666665,0.3057432572330691,0.0016884030082483271,0.30254949601640846,0.3092347098112076,0.1666811073045147,0.0003052590267960014,0.1660614168877414,0.16728634788501184,0.0,0.0,0.0,0.0,0.6994747154104899,0.001345835803884555,0.6968674976606911,0.7020791514818063,0.4567570072659869,0.004277780317810881,0.4481898050769648,0.46473782502748934,0.8450482718271598,0.004162795406753468,0.8369866942344307,0.8529107480040828,0.95,shared_simulation_seed_percentile_bootstrap,2000
0.7,0.1,30,30,0.32699761020728035,0.0013735203988179117,0.32442090770500737,0.32949425470760235,0.33996288202157005,0.0013937213000241265,0.3371620648080139,0.34260399401697084,1699.81441010785,6.96860650012064,1685.9333047660355,1713.3589747987824,0.15950428334811897,0.00020179959545936209,0.15909527549400243,0.15987551647861462,0.0353701590059828,0.0001206428688349706,0.035153838177484686,0.03560313244147078,0.07456666666666667,0.0009903016298116764,0.07269283333333332,0.07648683333333332,2.0,0.0,2.0,2.0,5.633333333333334,0.11227361214762055,5.4,5.833333333333333,0.0011266666666666667,2.2454722429524106e-05,0.00108,0.0011666666666666665,0.3057432572330691,0.0016884030082483271,0.30262974242403373,0.3091503028262978,0.1666811073045147,0.0003052590267960014,0.16608033176670842,0.16727409862940434,0.0,0.0,0.0,0.0,0.6994747154104899,0.001345835803884555,0.696812450509561,0.7020692693478182,0.455151266605006,0.004419960452869648,0.44666086250489123,0.4637773880636146,0.8420469634705428,0.004416614264699707,0.8331262383965412,0.8500712842873213,0.95,shared_simulation_seed_percentile_bootstrap,2000
0.7,0.25,30,30,0.32699647585243047,0.0015133085376503764,0.3240846244153063,0.329829621411159,0.33988379048859513,0.001491991820136588,0.33697745429276477,0.3425104975645976,1699.418952442976,7.459959100682952,1684.713729007518,1712.7529073402425,0.3987607083702976,0.0005044989886484046,0.39781420084567665,0.39967488436661214,0.09326290226641527,0.00026321893204591626,0.09273467245409622,0.0937642977652256,0.39639333333333326,0.0018322144966367402,0.3928863333333334,0.39972716666666674,2.0,0.0,2.0,2.0,5.633333333333334,0.11227361214762055,5.4,5.833333333333333,0.0011266666666666667,2.2454722429524106e-05,0.0010866666666666666,0.0011666666666666665,0.3057432572330691,0.0016884030082483271,0.3024734430797341,0.3091241205494303,0.1666811073045147,0.0003052590267960014,0.1660815118588313,0.16729735019945222,0.0,0.0,0.0,0.0,0.6994747154104899,0.001345835803884555,0.6969763354990828,0.702232117760567,0.45529476981584965,0.003904891471591492,0.44800166886261955,0.4628676153683892,0.8425833631362389,0.004463598504740228,0.8337124668322078,0.8512127214248523,0.95,shared_simulation_seed_percentile_bootstrap,2000
0.7,0.5,30,30,0.32900344448049534,0.0012640789062108625,0.3265795562343016,0.33143657638848584,0.3420539817659292,0.0012306054014324076,0.3397732162719965,0.34429131682298725,1710.269908829646,6.153027007162045,1698.3100906724771,1721.8361745034006,0.7975214167405953,0.0010089979772968103,0.7955999000961614,0.799445004900324,0.14746638215615382,0.00037547222089781866,0.1467147686162262,0.14817376751294928,0.6264000000000002,0.0021854692544323205,0.6222000000000001,0.6305200000000001,2.0,0.0,2.0,2.0,5.633333333333334,0.11227361214762055,5.433333333333334,5.833333333333333,0.0011266666666666667,2.2454722429524106e-05,0.0010800000000000002,0.0011666666666666665,0.3057432572330691,0.0016884030082483271,0.3026156976010844,0.3093057350043366,0.1666811073045147,0.0003052590267960014,0.16605705824848774,0.16726739939041907,0.0,0.0,0.0,0.0,0.6994747154104899,0.001345835803884555,0.6968581061371076,0.7020570678741991,0.4518173776070922,0.004304797143316791,0.44351092195395464,0.46003925463042544,0.8360314308830674,0.005018978788825451,0.826650124814581,0.8455892300909399,0.95,shared_simulation_seed_percentile_bootstrap,2000
0.7,1.0,30,30,0.3350214772890298,0.0015762676018662557,0.3319500269619044,0.3381637378230868,0.34777895443052004,0.0015619695124894032,0.3447761758167544,0.35087295180256567,1738.8947721526004,7.8098475624470085,1724.0569070008764,1753.3590518691683,1.5950428334811904,0.002017995954593621,1.5909527549400242,1.598755164786147,0.17126998198228324,0.00042654579814282615,0.17047984985292183,0.1720618391008997,0.7612866666666667,0.0021772846810592978,0.7569594999999999,0.7653199999999998,2.0,0.0,2.0,2.0,5.633333333333334,0.11227361214762055,5.4,5.833333333333333,0.0011266666666666667,2.2454722429524106e-05,0.00108,0.0011666666666666665,0.3057432572330691,0.0016884030082483271,0.30262974242403373,0.3091503028262978,0.1666811073045147,0.0003052590267960014,0.16608033176670842,0.16727409862940434,0.0,0.0,0.0,0.0,0.6994747154104899,0.001345835803884555,0.696812450509561,0.7020692693478182,0.44177017806891106,0.004727642708876376,0.4326850807018722,0.4513071446568913,0.8171579558977694,0.004968381639423002,0.8074947404360677,0.8274848747802311,0.95,shared_simulation_seed_percentile_bootstrap,2000
1.0,0.05,30,30,0.2759353146199289,0.0011820035462279316,0.2736482390209369,0.2782621727387445,0.2905572214904883,0.0011692996192685717,0.28831526581042144,0.29279224691285677,1452.7861074524417,5.846498096342857,1441.5337309973747,1463.712086478132,0.07975214167405947,0.00010089979772967928,0.07955492058693382,0.07994735383164342,0.016242431315976566,6.143729018699763e-05,0.016124543380724787,0.016359475818600814,0.0068133333333333344,0.0002126857988727635,0.006413333333333334,0.00722,2.0,0.0,2.0,2.0,5.633333333333334,0.11227361214762055,5.4,5.833333333333333,0.0011266666666666667,2.2454722429524106e-05,0.0010866666666666666,0.0011666666666666665,0.3057432572330691,0.0016884030082483271,0.3028034669330463,0.30946766064495124,0.1666811073045147,0.0003052590267960014,0.1661002951268363,0.167269549329441,0.0,0.0,0.0,0.0,1.0,0.0,1.0,1.0,0.5403155767889604,0.0033925425560027964,0.5336076767299128,0.5465738207711391,1.0,0.0,1.0,1.0,0.95,shared_simulation_seed_percentile_bootstrap,2000
1.0,0.1,30,30,0.2759353146199289,0.0011820035462279316,0.2736505174432531,0.2781156589662991,0.2905572214904883,0.0011692996192685717,0.2882626060067973,0.2927988292538377,1452.7861074524417,5.846498096342857,1441.5512514253544,1464.0994288831077,0.15950428334811897,0.00020179959545936209,0.1591127822745787,0.15987562187081825,0.0353701590059828,0.0001206428688349706,0.03515135331349218,0.03561016853377128,0.07456666666666667,0.0009903016298116764,0.07264666666666668,0.07637999999999999,2.0,0.0,2.0,2.0,5.633333333333334,0.11227361214762055,5.4,5.833333333333333,0.0011266666666666667,2.2454722429524106e-05,0.00108,0.0011666666666666665,0.3057432572330691,0.0016884030082483271,0.3026927686763795,0.3088787393379316,0.1666811073045147,0.0003052590267960014,0.1660981656768995,0.16727954251051236,0.0,0.0,0.0,0.0,1.0,0.0,1.0,1.0,0.5403155767889604,0.0033925425560027964,0.5335690795569913,0.5467146111264208,1.0,0.0,1.0,1.0,0.95,shared_simulation_seed_percentile_bootstrap,2000
1.0,0.25,30,30,0.2759353146199289,0.0011820035462279316,0.2735839695429684,0.278194215888274,0.2905572214904883,0.0011692996192685717,0.2883892178562236,0.2926968663471779,1452.7861074524417,5.846498096342857,1441.2731701033574,1463.9217894224594,0.3987607083702976,0.0005044989886484046,0.39779333908458564,0.39974203162248506,0.09326290226641527,0.00026321893204591626,0.09276091940623732,0.09376231002164906,0.39639333333333326,0.0018322144966367402,0.39280000000000004,0.39979366666666666,2.0,0.0,2.0,2.0,5.633333333333334,0.11227361214762055,5.4,5.833333333333333,0.0011266666666666667,2.2454722429524106e-05,0.0010800000000000002,0.0011666666666666665,0.3057432572330691,0.0016884030082483271,0.3026663609313808,0.30934390093315967,0.1666811073045147,0.0003052590267960014,0.16613713444225367,0.16726514638056292,0.0,0.0,0.0,0.0,1.0,0.0,1.0,1.0,0.5403155767889604,0.0033925425560027964,0.5336207671240581,0.546500326088041,1.0,0.0,1.0,1.0,0.95,shared_simulation_seed_percentile_bootstrap,2000
1.0,0.5,30,30,0.2759353146199289,0.0011820035462279316,0.27368852910211705,0.278284630702375,0.2905572214904883,0.0011692996192685717,0.28824168715459925,0.2927994532214458,1452.7861074524417,5.846498096342857,1442.326621752386,1464.1032776327786,0.7975214167405953,0.0010089979772968103,0.7955814926835564,0.7993953279507096,0.14746638215615382,0.00037547222089781866,0.14670370929877152,0.14821394109011737,0.6264000000000002,0.0021854692544323205,0.6222118333333333,0.6308668333333334,2.0,0.0,2.0,2.0,5.633333333333334,0.11227361214762055,5.433333333333334,5.833333333333333,0.0011266666666666667,2.2454722429524106e-05,0.0010866666666666663,0.0011666666666666665,0.3057432572330691,0.0016884030082483271,0.3026910113707914,0.30913282967908606,0.1666811073045147,0.0003052590267960014,0.1660626216034839,0.16727626915758628,0.0,0.0,0.0,0.0,1.0,0.0,1.0,1.0,0.5403155767889604,0.0033925425560027964,0.534041007851619,0.5466345497918118,1.0,0.0,1.0,1.0,0.95,shared_simulation_seed_percentile_bootstrap,2000
1.0,1.0,30,30,0.2759353146199289,0.0011820035462279316,0.2736505174432531,0.2781156589662991,0.2905572214904883,0.0011692996192685717,0.2882626060067973,0.2927988292538377,1452.7861074524417,5.846498096342857,1441.5512514253544,1464.0994288831077,1.5950428334811904,0.002017995954593621,1.5911278227457868,1.5987562187081834,0.17126998198228324,0.00042654579814282615,0.1704619097490756,0.17210598183943823,0.7612866666666667,0.0021772846810592978,0.7570066666666666,0.7653533333333332,2.0,0.0,2.0,2.0,5.633333333333334,0.11227361214762055,5.4,5.833333333333333,0.0011266666666666667,2.2454722429524106e-05,0.00108,0.0011666666666666665,0.3057432572330691,0.0016884030082483271,0.3026927686763795,0.3088787393379316,0.1666811073045147,0.0003052590267960014,0.1660981656768995,0.16727954251051236,0.0,0.0,0.0,0.0,1.0,0.0,1.0,1.0,0.5403155767889604,0.0033925425560027964,0.5335690795569913,0.5467146111264208,1.0,0.0,1.0,1.0,0.95,shared_simulation_seed_percentile_bootstrap,2000
