campaign,n_impressions,n_conversion_rows,n_attributed_rows,n_clicked_rows,conversion_rate,click_rate,impression_coverage_pct,conversion_coverage_pct,attribution_coverage_pct
10341182,437385,45479,25702,194847,0.1039793317100495,0.44548166946740286,2.655964797725921,5.64118402969005,5.809359347594163
30801593,431587,20618,9531,168971,0.047772523268773154,0.39151086571189586,2.6207571799584737,2.5574426070087175,2.1542683037086596
17686799,381084,6486,5090,112964,0.017019869635041093,0.2964280840969445,2.3140841340617184,0.8045190003423485,1.1504800824548398
15398570,378464,23853,10176,135066,0.06302580958823031,0.356879386150334,2.298174517202334,2.9587097926558803,2.3000560548252356
5061834,299755,9861,2096,85763,0.0328968657737152,0.28611032343080184,1.8202241227804643,1.223151690159713,0.4737536842485941
15184511,256102,36995,18936,93175,0.14445416279451156,0.3638198842648632,1.5551468308862986,4.588834476975823,4.280057139757337
29427842,239272,13797,7070,79009,0.05766240930823498,0.3302057908990605,1.4529487958697178,1.7113704359733861,1.5980145742545613
28351001,222470,23230,6620,138590,0.10441857329078078,0.6229603991549423,1.3509207872928555,2.8814332990984823,1.4963021897546245
18975823,217646,10575,7669,100798,0.048588074212252925,0.4631281990020492,1.3216276606784771,1.3117157614277422,1.7334050594000325
31772643,195759,10810,7233,90476,0.05522096046669629,0.4621805383149689,1.1887216361741453,1.340865000570581,1.6348570601956494
6686701,194059,7081,4336,76239,0.036488902859439655,0.3928650565034345,1.1783986023340864,0.8783223930657061,0.980055331537168
497593,191679,3245,2098,78565,0.016929345416034098,0.409877973069559,1.1639463549580045,0.40250757880217714,0.47420573929081605
30491418,186644,8234,3842,72873,0.044116071237221666,0.39043848181564905,1.1333719576728893,1.021339723838868,0.8683977361083486
32368244,161056,36638,21946,77584,0.22748609179415855,0.4817206437512418,0.977992081261465,4.544552441341808,4.960399978301358
26852339,159742,2224,335,32700,0.013922449950545254,0.20470508695271125,0.9700129833403843,0.27586343767520555,0.0757192195721751
7061828,143611,5754,3143,43944,0.04006656871688102,0.3059932734957629,0.8720595369439217,0.7137222213952934,0.7104044988517801
32452111,138682,6727,3164,45282,0.04850665551405373,0.3265167793945862,0.8421288111805986,0.8344124753781959,0.7151510767951106
28795042,135054,6135,2515,38564,0.0454262739348705,0.28554504124276214,0.820098242491344,0.7609812006013426,0.5684592155940907
32009848,133533,1872,590,32763,0.01401900653770978,0.24535508076655207,0.810862163390915,0.23220159861869819,0.13335623745547256
2576437,128938,1473,755,51628,0.011424095301617832,0.4004094991391211,0.7829596101585211,0.18270991173362308,0.1706507784387827
7121544,126687,4387,2224,46127,0.03462865171643499,0.36410207835058056,0.769290698879714,0.5441604771048232,0.5026852069507983
14661605,125045,6961,4262,41244,0.05566795953456755,0.3298332600263905,0.7593198626647868,0.8634376752055332,0.9633292949749561
24378636,123950,2685,2303,38110,0.02166196046793062,0.3074626865671642,0.7526706143972195,0.33304556212137,0.520541381118565
19602309,114778,648,327,40393,0.005645681228109917,0.35192284235654914,0.6969748106436794,0.08037747644493398,0.07391099940328734
23852329,112773,2777,1079,36213,0.0246246885336029,0.32111409645925887,0.6847997030852573,0.34445717914750257,0.24388369527873713
13422843,110601,1336,835,41405,0.012079456786105008,0.3743637037639804,0.6716105092613706,0.16571652550992563,0.18873298012766035
27321366,110260,2834,1354,38174,0.02570288409214584,0.34621803011064756,0.6695398301205117,0.35152742013108473,0.30604126358425404
32323516,108748,870,341,28589,0.008000147129142605,0.26289219112075624,0.6603584023757065,0.10791420448625397,0.07707538469884093
19530182,107844,1215,771,49832,0.011266273506175588,0.4620748488557546,0.6548689773219342,0.15070776833425123,0.17426721877655824
26852338,107659,2425,436,24346,0.02252482374905953,0.22613994185344466,0.6537455883452219,0.30079534009099523,0.09854799920438312
9100693,100926,23011,15820,39442,0.2279987317440501,0.3908011810633534,0.6128603019657425,2.854268689003667,3.5757553839755527
5044698,98550,917,775,35176,0.009304921359715881,0.356935565702689,0.5984323440810487,0.11374405231482171,0.17517132886100212
6810200,96929,7176,1060,35151,0.07403357096431408,0.36264688586491145,0.5885890276959104,0.890106128038343,0.2395891723776287
14121532,94354,8782,3923,38950,0.09307501536765797,0.41280708819975837,0.572952667614645,1.0893132687336577,0.8867059653183371
16823030,92453,4104,1383,31753,0.044390122548754504,0.3434501854996593,0.5614090868323206,0.5090573508179153,0.31259606169647214
15073876,91735,546,186,28077,0.005951926745516979,0.30606638687523846,0.5570491231281076,0.06772546626378698,0.04204111892664051
19129839,90154,2728,1659,27237,0.030259334028440225,0.30211637864099206,0.547448701656853,0.33837925268793195,0.37497965752310003
17321082,90065,3789,2513,33989,0.0420696163881641,0.3773830011658247,0.5469082604734617,0.46998496643496124,0.5680071605518688
23817046,88474,6006,3085,36883,0.06788435020457988,0.41687953523068927,0.5372471152737361,0.7449801289016567,0.697294902627344
8403848,85868,2215,647,28973,0.02579540690361951,0.3374132389248614,0.5214225116342109,0.2747470838356926,0.1462398061587979
14289571,81357,2404,1384,24935,0.029548778838944405,0.3064886856693339,0.49403003772097287,0.29819051446546496,0.31282208921758314
26998428,80051,1621,360,26706,0.020249590885810295,0.3336123221446328,0.486099518782669,0.2010677304278364,0.08136990759994937
2865314,77647,2175,1006,17219,0.02801138485710974,0.22176001648486096,0.4715015344582566,0.26978551121563493,0.2273836862376363
7289590,77518,1722,667,25126,0.022214195412678345,0.32413116953481774,0.47071819836098155,0.213595701293482,0.1507603565810173
2828357,73432,696,414,26019,0.009478156661945746,0.35432781348730796,0.44590648290775814,0.08633136358900317,0.09357539373994178
30535894,72504,5317,4954,37200,0.07333388502703299,0.5130751406818934,0.44027132090565557,0.6595170405211636,1.1197403395837477
7686710,72214,1492,1098,27040,0.02066081369263578,0.37444262885313095,0.43851033277999846,0.18506665872815048,0.2481782181798456
30368132,71181,3484,1505,23971,0.048945645607676204,0.33676121436900297,0.43223757162895104,0.4321529752070216,0.34017141927201056
5686703,67793,1598,922,23999,0.023571755195964186,0.35400410071836325,0.4116643724229988,0.19821482617130326,0.20839737446431478
28137208,67033,949,832,26513,0.014157206152193695,0.39552160875986453,0.40704936905920786,0.11771331041086783,0.18805489756432744
15654890,66911,899,316,22491,0.013435757947123792,0.33613307229005696,0.40630853957186247,0.11151134463579576,0.07142469667106667
13661608,65598,1031,318,21340,0.015716942589713102,0.32531479618281045,0.39833551402362893,0.127884534281986,0.07187675171328861
6886817,65388,4239,1274,29746,0.06482840888236374,0.45491527497400136,0.39706031572573935,0.5258026584106098,0.2879590618953764
13166099,63938,856,372,15092,0.013387969595545685,0.236041164878476,0.388255375097454,0.10617765406923378,0.08408223785328102
14235907,63451,4273,1613,26621,0.06734330428204441,0.4195520953176467,0.3852981295209195,0.5300199951376589,0.36458239155199534
8980571,62535,2880,1340,22900,0.046054209642600145,0.36619493083873034,0.37973583599298205,0.357233228644151,0.3028768782887004
5867090,62059,1442,517,19781,0.023235952883546303,0.3187450651799094,0.3768453865177656,0.1788646929530784,0.11685622841437174
28739284,61486,2652,1499,22298,0.0431317698337833,0.3626516605406109,0.3733659168763811,0.3289522647098224,0.33881525414534475
27118781,59614,4711,3955,21053,0.07902506122722851,0.3531552990908176,0.36199843490662237,0.5843492153272901,0.8939388459938882
13947795,57717,809,611,18661,0.01401666753296256,0.32331895282152573,0.35047914361568633,0.10034780624066604,0.13810281539880295
716288,57379,413,228,18292,0.007197755276320605,0.31879258962338136,0.34842668159336876,0.051228237302095275,0.051534274813301265
16184517,56866,9734,9160,14747,0.1711743396757289,0.25932894875672635,0.3453115543228099,1.20739869709103,2.0704120933764893
24389111,56560,1442,446,18010,0.025495049504950493,0.3184229137199434,0.3434534082315993,0.1788646929530784,0.10080827441549282
32135670,56466,1830,999,15178,0.03240888322176177,0.26879892324584703,0.34288260518397257,0.22699194736763764,0.22580149358985951
2869134,55796,11919,9499,20032,0.21361746361746362,0.3590221521256004,0.33881411537642003,1.4784246014616793,2.1470354230331083
6686704,55657,2250,1255,19330,0.04042618179204772,0.34730581957345885,0.33797005555067405,0.279088459878243,0.28366453899426797
25920690,55096,10788,5621,32378,0.19580368810802962,0.5876651662552635,0.3345634543834547,1.3381361356295491,1.2705006961647651
12843318,54739,3024,2517,28323,0.05524397595864009,0.5174190248269058,0.33239561727704237,0.3750948900763586,0.5689112706363126
24126625,53878,1249,951,27649,0.023182003786332082,0.5131779204870263,0.327167304255695,0.15492510506130022,0.21495217257653293
12121528,53027,5860,2167,20952,0.11050974032096857,0.3951194674411149,0.32199971496281854,0.7268703888384462,0.489801638247473
15654897,53007,2370,2235,23718,0.04471107589563642,0.4474503367479767,0.32187826750587667,0.29397317773841597,0.505171509683019
9100689,52153,8877,8130,21023,0.17021072613272487,0.40310241021609494,0.316692461094459,1.1010970037062948,1.83760374663219
25419531,52053,724,350,18094,0.013908900543676637,0.3476072464603385,0.3160852238097496,0.08980446442304353,0.07910963238883967
8980585,51909,2448,1207,16779,0.0471594521181298,0.32323874472634806,0.3152108021197682,0.3036482443475284,0.2728152179809414
21640043,51890,2511,2434,20618,0.048390826748891884,0.3973405280400848,0.31509542703567345,0.3114627212241192,0.5501509863841021
5544859,50808,9830,6388,26242,0.1934734687450795,0.5164934655959691,0.3085251196151184,1.2193064713791684,1.4438638048568793
30752994,49911,393,276,21745,0.007874015748031496,0.4356755023942618,0.3030782011712757,0.04874745099206645,0.06238359582662785
2946551,48943,2540,1411,31811,0.05189710479537421,0.6499601577345074,0.29720014425528934,0.315059861373661,0.31892483228757934
2390251,48641,1131,613,15000,0.02325198906272486,0.30838181780802204,0.2953662876554672,0.14028846583213014,0.1385548704410249
4869922,48085,3541,2524,23125,0.07364042840802745,0.4809192055734637,0.29199004835248327,0.4392232161906038,0.5704934632840895
28874676,48067,209,157,18497,0.004348097447313125,0.38481702623421477,0.2918807456412356,0.02592421693980124,0.035486320814422365
4814007,48054,210,184,16976,0.004370083655887127,0.353269238773047,0.29180180479422335,0.02604825625530268,0.04158906388441857
13661605,47858,1697,1480,13999,0.03545906640478081,0.29251117890425843,0.2906116197161931,0.21049471840594594,0.3345207312442363
18975813,45793,1832,1037,18103,0.040006114471644136,0.39532242919223465,0.2780721697869453,0.22724002599864052,0.23439053939207638
15746419,45738,2105,1313,18503,0.04602300056845511,0.4045432681796318,0.2777381892803552,0.261102759130534,0.2967741352187042
18498853,45093,292,146,7341,0.0064755061761248974,0.1627968864347016,0.27382150879398,0.03621948012642087,0.03300001808220169
25998432,44748,242,185,14867,0.005408062930186824,0.3322383123268079,0.2717265401617328,0.030017514351348803,0.04181509140552954
11938638,44185,178,142,12172,0.004028516464863642,0.27547810342876544,0.26830779424881923,0.02207899815925656,0.03209590799775781
26321366,42947,1149,488,12254,0.026753905977134607,0.28532842806249564,0.2607901966641177,0.1425211735111561,0.11030143030215359
28795043,42824,953,387,11250,0.022253876331029328,0.26270315710816367,0.2600432948039252,0.11820946767287359,0.08747265066994557
83677,42678,365,175,12682,0.008552415764562537,0.29715544308543046,0.2591567283682496,0.04527435015802609,0.039554816194419834
12289574,42523,274,106,15615,0.0064435717141311764,0.36721303765021285,0.25821551057695014,0.033986772447394925,0.02395891723776287
9100691,42272,6445,4398,13765,0.15246498864496594,0.32562925813777444,0.2566913449923297,0.7994333884067895,0.9940690378460482
5281156,42222,598,161,12404,0.014163232438065464,0.2937804935815452,0.25638772634997503,0.07417551066986192,0.03639043089886625
11500306,41625,761,426,17663,0.01828228228228228,0.42433633633633633,0.2527625197602603,0.09439391909659686,0.09628772399327343
9100690,41535,7188,4806,12787,0.1730588660166125,0.30786084025520644,0.2522160062040219,0.8915945998243603,1.086288266459324
26389107,41414,773,329,8071,0.018665185685999904,0.19488578741488385,0.2514812490895236,0.09588239088261416,0.07436305444550928
13661597,41107,448,260,14403,0.010898387136010898,0.3503782810713504,0.24961703062546595,0.05556961334464572,0.05876715548885232
21294794,41035,2765,1867,17782,0.0673815035944925,0.4333373949067869,0.2491798197804752,0.34296870736148527,0.4219933819141819
8867068,41027,2204,535,13864,0.0537207205011334,0.33792380627391716,0.24913124079769847,0.2733826513651767,0.12092472379436921
16922675,40899,6464,2534,16729,0.1580478740311499,0.40903200567251036,0.24835397707327053,0.8017901354013168,0.5727537384951992
9100692,40265,8548,6036,14466,0.21229355519682105,0.35926983732770396,0.24450409268821335,1.0602880689063205,1.3643021174258179
10474106,39851,8292,1216,24393,0.20807507967177738,0.6121050914657098,0.24199013032951672,1.0285340041379516,0.2748494656709401
11959615,39801,1778,1148,26960,0.044672244415969446,0.6773699153287606,0.24168651168716204,0.2205419029615627,0.25947959423539413
9610626,39029,3273,2335,12430,0.08386071895257373,0.3184811294165877,0.23699863984920597,0.4059806796362175,0.527774261794116
22419532,39020,241,77,11980,0.006176319835981548,0.3070220399794977,0.23694398849358214,0.029893475035847362,0.017404119125544727
12100671,39019,419,169,12752,0.010738358235731311,0.3268151413413978,0.23693791612073506,0.05197247319510392,0.03819865106775401
27589150,39009,1951,717,17790,0.05001409931041555,0.45604860416826887,0.23687719239226412,0.24200070454331205,0.16206173263656584
12700454,38880,2030,868,15833,0.0522119341563786,0.40722736625514405,0.23609385629498908,0.25179981046792593,0.19619188832432238
13365547,38776,5107,2086,28104,0.13170517846090365,0.7247782133278317,0.23546232951889137,0.633468784265861,0.4714934090374844
2953716,38028,529,208,14344,0.013910802566529925,0.37719575049963183,0.23092019462926555,0.06561679790026247,0.04701372439108186
13289562,37967,549,178,11993,0.014459925724971685,0.3158795796349461,0.23054977988559286,0.06809758421029129,0.040232898757752746
17288254,37940,1077,222,14047,0.028386926726410123,0.3702424881391671,0.23038582581872133,0.13359034279505233,0.05017810968663544
29614011,37818,830,386,14525,0.02194722090010048,0.3840763657517584,0.22964499633137594,0.10295263186619631,0.0872466231488346
8980584,37815,2497,1144,12607,0.0660319978844374,0.3333862223985191,0.22962677921283467,0.309726170807099,0.2585754841509502
4828346,37316,647,286,9712,0.01733840711759031,0.2602636938578626,0.22659666516213509,0.08025343712943254,0.06464387103773755
3892353,37167,1857,1035,13109,0.04996367745580757,0.35270535690262866,0.22569188160791817,0.23034100888617656,0.23393848434985443
2716286,36531,694,213,14389,0.018997563713010868,0.39388464591716627,0.22182985247716683,0.08608328495800029,0.048143861996636714
20817326,36496,628,130,15643,0.017207365190705832,0.42862231477422186,0.22161731942751856,0.07789669013490516,0.02938357774442616
28896342,36445,996,271,13012,0.02732885169433393,0.35703114281794485,0.2213076284123168,0.12354315823943557,0.061253458221073
29389116,36163,1052,465,11267,0.02909050687166441,0.31156154080137155,0.21959521926943645,0.13048935990751628,0.10510279731660127
14458654,36130,7370,6130,23043,0.20398560752836978,0.6377802380293385,0.21939483096548237,0.9141697552456226,1.385548704410249
787943,36050,996,626,9750,0.027628294036061027,0.27045769764216365,0.21890904113771492,0.12354315823943557,0.1414932282154675
20938751,35375,2846,1979,11710,0.08045229681978798,0.33102473498233215,0.21481018946592692,0.35301589191710203,0.44730846427861054
24316983,35336,1571,1446,15090,0.0444589087616029,0.42704324201947025,0.21457336692489026,0.19486576465276434,0.3268357955264633
30676250,35243,176,149,9926,0.004993899497772607,0.2816445819027892,0.2140086362501106,0.021830919528253674,0.0336781006455346
11289564,35239,1184,325,13353,0.033599137319447206,0.3789267572859616,0.21398434675872222,0.14686254955370653,0.0734589443610654
2736605,35116,1492,790,15394,0.04248775486957512,0.43837566921061627,0.21323744489852975,0.18506665872815048,0.17856174167766667
31736975,34923,1110,238,9006,0.031784210978438275,0.25788162528992353,0.21206547693904074,0.13768364020659987,0.05379455002441097
14445192,34519,730,296,8198,0.021147773689851965,0.23749239549233755,0.209612238308815,0.09054870031605218,0.06690414624884726
11321105,33775,1505,598,10077,0.04455958549222798,0.2983567727609178,0.20509439291057757,0.1866791698296692,0.13516445762436033
18898397,33111,1343,735,10467,0.04056053879375434,0.3161185104648002,0.2010623373401076,0.1665848007184357,0.1661302280165633
9095251,31811,2739,1670,19456,0.08610229166011757,0.6116123353556946,0.19316825263888626,0.33974368515844783,0.3774659602553207
26891650,30922,6353,4390,10998,0.20545242869154648,0.3556691029040812,0.18776991317782027,0.7880217713806568,0.9922608176771603
6228543,30617,2367,1051,9073,0.07730999118136983,0.29633863539863475,0.1859178394594568,0.29360105979191164,0.23755492468762995
26091094,30606,1630,776,10400,0.05325753120303209,0.33980265307456053,0.18585104335813876,0.20218408426734938,0.1753973563821131
30729721,30570,1404,189,8702,0.04592737978410206,0.2846581615963363,0.1856324379356434,0.17415119896402365,0.04271920148997342
17710664,30218,5626,4061,10030,0.18618042226487524,0.33192137136805877,0.18349496269346655,0.6978451890111089,0.9178977632316511
32368241,30140,1396,521,8665,0.046317186463171865,0.28749170537491703,0.18302131761139329,0.1731588844400121,0.11776033849881562
18095238,29947,748,138,7824,0.024977460179650718,0.26126156209303103,0.18184934965190427,0.09278140799507811,0.031191797913313925
3144706,29905,122,105,10527,0.004079585353619796,0.3520147132586524,0.18159430999232634,0.015132796491175843,0.0237328897166519
9810200,29866,1108,940,18502,0.037099042389339046,0.6195004352775731,0.1813574874512897,0.137435561575597,0.21246586984431223
12089529,29711,1501,510,10639,0.050520009424119015,0.35808286493218,0.18041626965999025,0.18618301256766345,0.11527403576659494
8710016,29496,1770,655,11601,0.06000813669650122,0.3933075671277461,0.17911070949786517,0.21954958843755118,0.14804802632768566
4293600,29383,304,199,7773,0.010346118503896811,0.2645407208249668,0.1784245313661436,0.03770795191243816,0.044979476701083126
8892339,28793,1397,283,10965,0.04851873719306776,0.3808217275032126,0.17484183138635856,0.17328292375551355,0.06396578847440465
16321090,28296,781,194,7129,0.027601074356799548,0.25194373763076056,0.17182386208135317,0.09687470540662568,0.043849339095528274
27777499,27804,3407,757,13982,0.12253632570853115,0.5028772838440512,0.16883625464058324,0.42260194791341066,0.17110283348100463
497590,27802,675,503,8837,0.024278828861233004,0.3178548305877275,0.16882410989488905,0.0837265379634729,0.11369184311881815
25998433,27781,328,192,9259,0.011806630430870019,0.3332853389006875,0.1686965900651001,0.04068489548447276,0.04339728405330633
12843317,27166,1445,1088,14567,0.05319148936170213,0.5362217477729515,0.16496208076413768,0.17923681089958274,0.24591794296873587
6781040,26999,1943,567,10784,0.0719656283566058,0.39942220082225266,0.1639479944986731,0.24100839001930052,0.12815760446992025
8892341,26370,1217,780,7950,0.04615092908608267,0.3014789533560865,0.16012847197785138,0.1509558469652541,0.17630146646655698
11097337,26066,2256,765,13308,0.08654952812092381,0.5105501419473644,0.158282470632335,0.27983269577125164,0.1729110536498924
3291800,25744,611,233,8787,0.023733685518955872,0.341322249844624,0.15632716657557094,0.07578802177138065,0.05266441241885612
13576407,25560,235,61,7438,0.009194053208137716,0.29100156494522694,0.15520984997170578,0.029149239142838713,0.013787678787769198
12042373,25557,231,73,7643,0.009038619556285949,0.299057009821184,0.1551916328531645,0.02865308188083295,0.016500009041100844
15491650,24952,1218,714,10159,0.048813722346906056,0.40714171208720745,0.15151784728067302,0.15107988628075555,0.1613836500732329
15422821,24946,1626,815,10205,0.06518079050749619,0.4090836206205404,0.15148141304359047,0.2016879270053436,0.18421242970544094
15959625,24759,333,99,6735,0.013449654671028717,0.2720222949230583,0.150345879321184,0.041305092061979964,0.022376724589986078
20640037,24747,713,658,9460,0.02881157311997414,0.3822685578049865,0.15027301084701888,0.08844003195252767,0.14872610889101856
12947794,24744,130,92,6607,0.005253798900743615,0.2670142256708697,0.1502547937284776,0.016125111015187373,0.020794531942209284
13947793,23920,133,128,8312,0.005560200668896321,0.3474916387959866,0.1452511585024727,0.016497228961691698,0.02893152270220422
6442596,23825,682,580,5520,0.02862539349422875,0.2316894018887723,0.14467428308199884,0.08459481317198299,0.13109596224436287
27891651,23789,691,379,8908,0.029047038547227712,0.3744587834713523,0.14445567765950348,0.08571116701149596,0.0856644305010578
22391321,23606,1011,505,7452,0.042828094552232486,0.3156824536134881,0.14334443342848538,0.1254037479719572,0.11414389816104009
18436526,23430,234,40,6312,0.00998719590268886,0.26939820742637643,0.14227569580739696,0.029025199827337273,0.009041100844438819
1130498,23247,226,152,7126,0.009721684518432486,0.3065341764528756,0.14116445157637889,0.028032885303325743,0.03435618320886751
27729624,23205,510,256,7636,0.02197802197802198,0.3290670114199526,0.14090941191680095,0.06326005090573508,0.05786304540440844
15568932,22990,929,398,8161,0.04040887342322749,0.3549804262722923,0.1396038517546759,0.115232524100839,0.08995895340216625
3877975,22968,1345,755,13255,0.05855973528387322,0.5771072796934866,0.13947025955203984,0.1668328793494386,0.1706507784387827
20458055,22704,223,198,5545,0.009822057787174066,0.24423009161381254,0.1378671531204072,0.02766076735682142,0.044753449179972156
25866076,22429,213,69,8650,0.00949663382228365,0.38566142048241114,0.13619725058745652,0.026420374201807005,0.015595898956656962
10321103,22396,171,62,8263,0.007635292016431506,0.3689498124665119,0.13599686228350244,0.02121072295074647,0.014013706308880169
5871888,22314,603,233,6385,0.027023393385318634,0.28614322846643364,0.1354989277100408,0.07479570724736913,0.05266441241885612
21096019,22209,114,68,8216,0.005133054167229502,0.36994011436804897,0.134861328561096,0.014140481967164312,0.015369871435545992
24867560,22048,1491,1253,6952,0.06762518142235123,0.3153120464441219,0.13388367653271396,0.18494261941264903,0.283212483952046
27323540,21846,386,109,7647,0.017669138515059964,0.35004119747322165,0.13265705721760113,0.047879175783556355,0.02463699980109578
10960760,21748,783,400,9606,0.036003310649255105,0.4416957881184477,0.13206196467858597,0.09712278403762857,0.0904110084443882
10491643,21645,336,149,8018,0.015523215523215523,0.37043197043197046,0.13143651027533534,0.04167721000848429,0.0336781006455346
21257831,21605,585,484,9122,0.02707706549409859,0.4222170793797732,0.1311936153614516,0.07256299956834318,0.1093973202177097
6210424,21533,773,184,9509,0.03589838851994613,0.4416012631774486,0.1307564045164609,0.09588239088261416,0.04158906388441857
32398755,21474,609,184,8303,0.02835987706063146,0.38665362764273076,0.1303981345184824,0.07553994314037778,0.04158906388441857
31129938,21258,736,256,6616,0.03462225985511337,0.3112240097845517,0.12908650198351024,0.09129293620906083,0.05786304540440844
9106407,20877,2564,1562,5468,0.1228145806389807,0.26191502610528333,0.12677292792876765,0.3180368049456956,0.35305498797533585
9097339,20835,519,216,7781,0.024910007199424045,0.373458123350132,0.12651788826918975,0.06437640474524806,0.048821944559969625
29345613,20671,357,130,6270,0.017270572299356586,0.3033234966861787,0.12552201912226643,0.04428203563401456,0.02938357774442616
8500299,20444,1399,885,10271,0.06843083545294464,0.502396791234592,0.12414359048597624,0.17353100238651642,0.20003435618320886
20377297,20407,155,94,6563,0.0075954329396775615,0.3216053315038957,0.12391891269063379,0.019226093902723406,0.021246586984431225
884761,20375,669,595,8282,0.032834355828220856,0.406478527607362,0.12372459675952681,0.08298230207046425,0.13448637506102742
5121547,20336,688,193,5931,0.03383162863886703,0.29165027537372146,0.12348777421849017,0.08533904906499164,0.0436233115744173
2865315,20016,244,188,10702,0.012190247801758593,0.5346722621902478,0.1215446149074203,0.030265592982351687,0.04249317396886245
28389117,19759,217,122,5956,0.010982337162811884,0.3014322587175464,0.11998401508571731,0.02691653146381277,0.027575357575538396
9106406,19642,3673,2699,6142,0.18699725078912535,0.31269728133591285,0.11927354746260739,0.455596405836794,0.6100482794785093
20695010,19406,236,100,3518,0.012161187261671648,0.18128413892610531,0.11784046747069336,0.029273278458340154,0.02260275211109705
13300124,19317,404,130,5808,0.02091422063467412,0.30066780555986955,0.11730002628730206,0.0501118834625823,0.02938357774442616
28729624,19275,863,596,8282,0.04477302204928664,0.4296757457846952,0.11704498662772414,0.10704592927774387,0.1347124025821384
804100,19100,1519,803,5698,0.07952879581151832,0.29832460732984295,0.1159823213794828,0.1884157202466894,0.1815000994521093
1586481,19068,128,91,5814,0.00671281728550451,0.3049087476400252,0.11578800544837581,0.015877032384184493,0.020568504421098314
30881002,18892,3305,2468,5292,0.1749417742959983,0.28011856870633073,0.11471926782728739,0.4099499377322636,0.5578359221018752
3828354,18815,1342,729,5877,0.07132606962529896,0.3123571618389583,0.1142516951180612,0.16646076140293428,0.16477406288989746
408759,18808,3346,1811,8513,0.177903019991493,0.4526265418970651,0.11420918850813154,0.4150355496678227,0.40933584073196755
27323541,18707,247,80,7376,0.01320361362056984,0.3942909071470573,0.11359587885057512,0.03063771092885601,0.018082201688877638
13462158,18588,715,414,5877,0.038465676780718744,0.31617172369270496,0.11287326648177101,0.08868811058353056,0.09357539373994178
20097969,18568,469,195,5995,0.0252585092632486,0.32286729857819907,0.11275181902482914,0.05817443897017599,0.044075366616639244
28920697,18393,1027,562,9677,0.05583645952264448,0.5261240689392703,0.11168915377658781,0.12738837701998026,0.12702746686436542
14257845,18338,846,329,7503,0.04613371141891155,0.4091503980804886,0.11135517326999768,0.10493726091421937,0.07436305444550928
4800911,18333,297,146,7842,0.016200294550810016,0.4277532318769432,0.11132481140576221,0.03683967670392808,0.03300001808220169
27614018,18027,325,231,7304,0.018028512786375992,0.40517002274366226,0.10946666531455164,0.040312777537968435,0.052212357376634176
17288262,18009,525,354,5211,0.02915209062135599,0.2893553223388306,0.10935736260330396,0.0651206406382567,0.08001374247328355
5177431,17900,132,90,4989,0.007374301675977654,0.27871508379888266,0.10869547396297079,0.016373189646190257,0.020342476899987343
24119481,17834,224,73,4760,0.012560278120444095,0.26690591005943703,0.10829469735506263,0.02778480667232286,0.016500009041100844
21443086,17633,346,288,6115,0.019622299098281632,0.34679294504622016,0.10707415041279687,0.0429176031634987,0.0650959260799595
8710017,17525,805,362,6462,0.045934379457917264,0.3687303851640514,0.1064183341453108,0.09985164897866028,0.08182196264217131
22233130,17524,134,31,7301,0.0076466560146085365,0.4166286236019174,0.1064122617724637,0.016621268277193138,0.007006853154440084
690012,17430,353,65,3250,0.020252438324727482,0.18646012621916236,0.10584145872483693,0.04378587837200879,0.01469178887221308
13343035,17389,866,479,6423,0.04980159871182932,0.36937144171602737,0.10559249143810609,0.10741804722424819,0.10826718261215486
30175072,17378,382,340,5581,0.021981816089308322,0.32115318218437106,0.10552569533678807,0.04738301852155059,0.07684935717772996
20922679,17202,382,149,6378,0.022206720148819904,0.37077084059993026,0.10445695771569964,0.04738301852155059,0.0336781006455346
29534051,17175,745,365,6011,0.043377001455604074,0.3499854439592431,0.10429300364882813,0.0924092900485738,0.08250004520550422
21016759,17174,943,189,6196,0.054908582741353205,0.3607779201117969,0.10428693127598103,0.11696907451785918,0.04271920148997342
27385784,17125,146,88,5911,0.008525547445255474,0.34516788321167885,0.10398938500647345,0.018109740063210436,0.019890421857765402
6686703,17029,784,505,5948,0.04603910975394915,0.34928651124552235,0.10340643721315249,0.09724682335313001,0.11414389816104009
22431924,16858,306,236,4437,0.018151619409182584,0.26319848143314745,0.10236806145629954,0.03795603054344105,0.05334249498218903
18443077,16784,301,67,5556,0.017933746425166826,0.33102955195424216,0.10191870586561462,0.037335833965933846,0.015143843914435021
22589171,16614,128,109,3148,0.007704345732514746,0.18947875285903454,0.10088640248160875,0.015877032384184493,0.02463699980109578
30328739,16396,119,90,5210,0.00725786777262747,0.3177604293730178,0.0995626252009424,0.014760678544671519,0.020342476899987343
22891668,16362,154,63,3347,0.009412052316342746,0.20455934482337124,0.09935616452414124,0.019102054587221966,0.01423973382999114
26998434,16229,369,204,7365,0.022737075605397745,0.4538172407418818,0.09854853893547783,0.04577050742003185,0.04610961430663798
6516505,16182,432,360,6521,0.026696329254727477,0.4029786182177728,0.09826313741166444,0.05358498429662266,0.08136990759994937
25119476,16094,440,202,5232,0.027339381135827016,0.325090095687834,0.09772876860112022,0.05457729882063419,0.04565755926441604
11803618,15887,426,91,4283,0.026814376534273304,0.2695914898974004,0.0964717874217719,0.05284074840361401,0.020568504421098314
20717215,15868,200,73,5102,0.012603982858583312,0.3215276027224603,0.09635641233767712,0.024807863100288267,0.016500009041100844
14576401,15752,424,90,6390,0.02691721686135094,0.40566277298120873,0.09565201708741429,0.05259266977261113,0.020342476899987343
25998435,15596,248,136,5307,0.015901513208515003,0.3402795588612465,0.09470472692326773,0.030761750244357452,0.030739742871091984
23377306,15433,351,179,4425,0.022743471781247974,0.28672325536188686,0.09371493014919152,0.04353779974100591,0.040458926278863716
18498193,15383,297,227,3869,0.019307027237859976,0.2515114086979133,0.09341131150683686,0.03683967670392808,0.051308247292190294
27091104,15325,639,351,4781,0.04169657422512235,0.311973898858075,0.09305911388170544,0.07926112260542101,0.07933565990995063
22723823,15298,139,116,5858,0.009086155052948098,0.3829258726630932,0.09289515981483391,0.017241464854700347,0.026219192448872573
23530192,15183,356,137,6268,0.023447276559309754,0.4128301389712178,0.09219683693741819,0.04415799631851312,0.030965770392202954
2144729,15177,396,252,1704,0.026092113065823284,0.1122751531923305,0.09216040270033563,0.04911956893857077,0.05695893531996456
4869923,15033,833,420,7822,0.055411428191312444,0.5203219583582784,0.09128598101035419,0.10332474981270064,0.0949315588666076
7299461,15028,135,60,2728,0.008983231301570402,0.18152781474580781,0.09125561914611872,0.016745307592694582,0.013561651266658228
27888153,15028,155,49,5264,0.010314080383284536,0.35027947830715994,0.09125561914611872,0.019226093902723406,0.011075348534437554
3884873,14775,275,225,6252,0.018612521150592216,0.42314720812182743,0.0897193088158041,0.03411081176289637,0.05085619224996835
19661713,14715,197,138,3064,0.013387699626231736,0.20822290180088346,0.0893549664449785,0.024435745153783942,0.031191797913313925
604244,14701,578,362,7901,0.03931705326168288,0.5374464322154956,0.0892699532251192,0.0716947243598331,0.08182196264217131
12288258,14596,148,87,3899,0.010139764318991504,0.2671279802685667,0.0886323540761744,0.018357818694213317,0.01966439433665443
24843272,14579,2820,1689,3701,0.1934289045887921,0.25385828932025517,0.08852912373777382,0.3497908697140646,0.38176048315642913
2694554,14572,1199,673,6848,0.08228108701619544,0.4699423552017568,0.08848661712784416,0.14872313928622816,0.15211652170768314
2073328,14469,1215,960,2522,0.08397263114244247,0.17430368373764601,0.08786116272459354,0.15070776833425123,0.21698642026653164
11028540,14355,392,133,4164,0.0273075583420411,0.29007314524555905,0.0871689122200249,0.048623411676565004,0.030061660307759072
5442463,14336,1549,1138,3722,0.10804966517857142,0.25962611607142855,0.08705353713593013,0.19213689971173262,0.2572193190242844
946549,14323,301,126,4168,0.02101515045730643,0.29100048872442924,0.08697459628891792,0.037335833965933846,0.02847946765998228
23385780,14280,131,44,3931,0.009173669467787115,0.27528011204481795,0.0867134842564929,0.016249150330688814,0.009945210928882701
30427825,14278,398,231,3498,0.027875052528365318,0.24499229583975346,0.08670133951079871,0.04936764756957365,0.052212357376634176
29614013,14232,287,151,5972,0.020165823496346262,0.4196177627880832,0.08642201035983242,0.03559928354891367,0.03413015568775654
20730227,14033,451,81,4299,0.032138530606427705,0.30634931946126986,0.08521360816326085,0.05594173129115004,0.01830822920998861
4406179,13924,567,260,4387,0.04072105716748061,0.3150675093363976,0.08455171952292767,0.07033029188931723,0.05876715548885232
23695013,13902,131,42,3940,0.009423104589267732,0.28341245863904474,0.08441812732029162,0.016249150330688814,0.00949315588666076
27684173,13767,570,404,4456,0.04140335585094792,0.3236725503014455,0.08359835698593401,0.07070240983582156,0.09131511852883208
604249,13712,381,252,6455,0.02778588098016336,0.47075554259043173,0.08326437647934389,0.04725897920604915,0.05695893531996456
27990027,13636,186,85,5518,0.013640363743033148,0.40466412437665006,0.08280287614296479,0.023071312683268088,0.01921233929443249
26389108,13571,133,66,2263,0.009800309483457373,0.16675263429371454,0.08240817190790373,0.016497228961691698,0.01491781639332405
29531983,13563,1867,1241,4153,0.13765391137653912,0.3062006930620069,0.08235959292512697,0.231581402041191,0.28050015369871434
1341195,13543,145,89,4429,0.010706638115631691,0.32703241526988114,0.08223814546818511,0.017985700747708992,0.020116449378876373
25866075,13349,138,107,3031,0.010337853022698329,0.2270582066072365,0.081060105135849,0.017117425539198903,0.024184944758873842
25102583,13342,109,66,5906,0.008169689701693898,0.44266226952480886,0.08101759852591935,0.013520285389657105,0.01491781639332405
5700346,13267,162,68,4312,0.012210748473656441,0.32501695937288005,0.08056217056238735,0.020094369111233495,0.015369871435545992
12987593,13196,127,93,5185,0.00962412852379509,0.392922097605335,0.08013103209024372,0.01575299306868305,0.021020559463320255
17132183,13069,216,165,4713,0.01652766087688423,0.3606243782997934,0.07935984073866287,0.02679249214831133,0.03729454098331013
29175063,13020,140,27,4208,0.010752688172043012,0.32319508448540707,0.07906229446915529,0.017365504170201787,0.006102743069996203
73328,12950,1074,849,4218,0.08293436293436293,0.32571428571428573,0.07863722836985876,0.133218224848548,0.19189736542321392
5316929,12876,172,92,3108,0.013358185771978875,0.2413793103448276,0.07818787277917386,0.02133476226624791,0.020794531942209284
29614012,12873,225,122,5291,0.017478443253320906,0.4110153033480929,0.07816965566063257,0.0279088459878243,0.027575357575538396
7144711,12846,156,77,3516,0.012143858010275572,0.27370387669313406,0.07800570159376105,0.01935013321822485,0.017404119125544727
18323505,12791,104,28,4095,0.008130716910327573,0.32014697834414824,0.07767172108717092,0.012900088812149898,0.006328770591107173
28729609,12652,610,417,3993,0.048213721150806195,0.3156022763199494,0.07682766126142494,0.07566398245587921,0.09425347630327469
26091099,12603,361,128,4266,0.028643973657065776,0.33849083551535347,0.07653011499191736,0.04477819289602032,0.02893152270220422
26998432,12526,290,158,4635,0.023151844164138593,0.3700303368992496,0.07606254228269119,0.035971401495417984,0.035712348335533335
5121534,12508,432,136,3311,0.0345378957467221,0.2647105852254557,0.0759532395714435,0.05358498429662266,0.030739742871091984
20530187,12494,159,84,4176,0.012726108532095406,0.33424043540899634,0.07586822635158419,0.01972225116472917,0.01898631177332152
8877963,12465,286,239,5472,0.022944243882872042,0.4389891696750903,0.07569212753901848,0.03547524423341222,0.05402057754552194
21765872,12261,175,96,4668,0.01427289780605171,0.38071935404942503,0.07445336347821145,0.021706880212752234,0.021698642026653166
13770704,12260,243,121,3650,0.019820554649265906,0.29771615008156604,0.07444729110536435,0.030141553666850243,0.027349330054427426
29614010,12237,308,135,5046,0.025169567704502738,0.4123559696003923,0.07430762652988121,0.03820410917444393,0.030513715349981013
24119478,12200,474,85,3594,0.03885245901639344,0.2945901639344262,0.07408294873453876,0.058794635547683195,0.01921233929443249
30501159,12120,667,299,4248,0.055033003300330036,0.3504950495049505,0.07359715890677128,0.08273422343946137,0.06758222881218016
22451482,11991,219,169,4851,0.018263697773329996,0.404553415061296,0.07281382280949625,0.027164610094815654,0.03819865106775401
1415896,11965,424,174,4641,0.03543669034684496,0.38788132051817803,0.07265594111547181,0.05259266977261113,0.03932878867330886
26949222,11824,630,348,3593,0.05328146143437077,0.3038734776725304,0.07179973654403166,0.07814476876590805,0.07865757734661773
13300118,11747,140,72,3219,0.011917936494424108,0.2740274112539372,0.07133216383480546,0.017365504170201787,0.016273981519989874
17314989,11739,445,146,4080,0.03790782860550303,0.3475594173268592,0.07128358485202872,0.055197495398141394,0.03300001808220169
5121533,11685,407,87,3377,0.034830979888746255,0.2890029952931108,0.07095567671828568,0.050484001409086626,0.01966439433665443
13462155,11683,432,271,3788,0.03697680390310708,0.32423178978002226,0.0709435319725915,0.05358498429662266,0.061253458221073
23644447,11664,1835,1724,4875,0.15732167352537724,0.41795267489711935,0.07082815688849672,0.22761214394514484,0.3896714463953131
12002431,11658,447,279,4969,0.03834276891405044,0.4262309143935495,0.07079172265141416,0.055445574029144275,0.06306167838996077
30848316,11609,579,185,3569,0.04987509690757171,0.30743388750107675,0.07049417638190658,0.07181876367533453,0.04181509140552954
25064375,11605,193,82,3145,0.016630762602326585,0.27100387763894873,0.07046988689051821,0.023939587891778177,0.01853425673109958
23852343,11602,485,262,4851,0.041803137390105154,0.4181175659369074,0.07045166977197694,0.06015906801819905,0.05921921053107426
28752986,11586,1569,1395,3644,0.13542206110823407,0.31451752114621095,0.07035451180642344,0.19461768602176147,0.3153083919498038
11772330,11433,190,75,3303,0.016618560307880698,0.2889005510364734,0.06942543876081816,0.023567469945273853,0.016952064083322785
442617,11404,212,108,3129,0.018589968432129077,0.2743774114345844,0.06924933994825246,0.026296334886305565,0.024410972279984813
10383101,11380,351,182,4527,0.030843585237258348,0.39780316344463973,0.06910360299992221,0.04353779974100591,0.04113700884219663
21307468,11331,216,56,2433,0.019062748212867357,0.21472067778660311,0.06880605673041464,0.02679249214831133,0.012657541182214346
22445172,11242,129,76,4059,0.011474826543319694,0.3610567514677104,0.06826561554702333,0.016001071699685933,0.017178091604433756
26874680,11239,176,90,3352,0.015659756206068156,0.2982471750155708,0.06824739842848206,0.021830919528253674,0.020342476899987343
4913658,11225,1012,321,3938,0.09015590200445435,0.3508240534521158,0.06816238520862275,0.12552778728745864,0.07255483427662152
32398758,11209,502,153,4298,0.04478544027121063,0.3834418770630743,0.06806522724306925,0.06226773638172355,0.03458221072997848
2716294,11203,197,82,4598,0.017584575560117825,0.4104257788092475,0.06802879300598669,0.024435745153783942,0.01853425673109958
9500303,11140,583,284,5425,0.052333931777378814,0.486983842010772,0.06764623351661982,0.0723149209373403,0.06419181599551561
29091102,11139,161,78,3254,0.01445372115988868,0.29212676182781216,0.06764016114377272,0.019970329795732055,0.017630146646655697
25172774,10909,116,95,2759,0.010633421945182877,0.252910440920341,0.06624351538894124,0.014388560598167194,0.021472614505542196
29513913,10852,288,183,5200,0.026538886841135274,0.4791743457427202,0.06589739013665694,0.035723322864415104,0.0413630363633076
6697150,10818,168,94,3334,0.01552967276760954,0.3081900536143465,0.06569092945985576,0.020838605004242144,0.021246586984431225
12407222,10793,515,353,5100,0.047716112295006025,0.47252849068840913,0.06553912013867842,0.0638802474832423,0.07978771495217257
16307476,10721,494,153,3551,0.04607779125081615,0.3312191026956441,0.0651019092936877,0.06127542185771202,0.03458221072997848
24321351,10650,260,128,3536,0.024413145539906103,0.332018779342723,0.06467077082154407,0.032250222030374746,0.02893152270220422
24391301,10648,130,73,2539,0.012208865514650639,0.23844853493613824,0.06465862607584989,0.016125111015187373,0.016500009041100844
25675129,10596,125,52,4187,0.01179690449226123,0.3951491128727822,0.06434286268780104,0.015504914437680166,0.011753431097770465
8407229,10567,193,118,5382,0.018264408062837134,0.5093214725087537,0.06416676387523533,0.023939587891778177,0.026671247491094514
10002432,10561,544,268,4289,0.051510273648328754,0.406116844995739,0.06413032963815277,0.06747738763278409,0.060575375657740085
13104554,10413,229,118,2959,0.021991741092864687,0.28416402573705946,0.06323161845678295,0.028405003249830064,0.026671247491094514
27031690,10370,158,80,3795,0.01523625843780135,0.3659594985535198,0.06297050642435793,0.01959821184922773,0.018082201688877638
24843279,10357,1017,443,4597,0.09819445785459109,0.44385439799169646,0.06289156557734572,0.12614798386496584,0.10013019185215992
3466867,10309,1519,777,3664,0.14734697836841595,0.35541759627509945,0.06260009168068524,0.1884157202466894,0.17562338390322405
14104561,10170,169,51,2893,0.016617502458210424,0.28446411012782696,0.06175603185493927,0.020962644319743585,0.011527403576659495
32452108,10145,204,60,3079,0.020108427796944307,0.3034992607195663,0.06160422253376194,0.02530402036229403,0.013561651266658228
30175073,10122,126,49,3586,0.012448132780082987,0.354277810709346,0.06146455795827879,0.01562895375318161,0.011075348534437554
9700343,10093,513,344,4388,0.05082730605370058,0.4347567621123551,0.061288459145713084,0.0636321688522394,0.07775346726217384
24045154,10092,588,427,3283,0.05826397146254459,0.3253071739992073,0.06128238677286599,0.0729351175148475,0.09651375151438439
14466837,10023,488,51,3425,0.04868801755961289,0.34171405766736507,0.06086339304641655,0.060531185964703374,0.011527403576659495
1946547,10005,356,187,3420,0.03558220889555223,0.34182908545727136,0.06075409033516887,0.04415799631851312,0.04226714644775148
7544834,9962,199,169,1220,0.01997590845211805,0.1224653683999197,0.060492978302743854,0.024683823784786826,0.03819865106775401
30405203,9857,3254,1418,6839,0.33012072638733897,0.6938216495891245,0.05985537915379906,0.4036239326416901,0.32050702493535616
17710661,9839,1804,1195,3407,0.1833519666632788,0.34627502794999493,0.05974607644255137,0.22376692516460017,0.2701028877276097
29880998,9789,1622,1137,3114,0.16569618960057206,0.3181121667177444,0.05944245780019671,0.20119176974333786,0.2569932915031734
14118031,9778,339,255,4751,0.0346696665984864,0.4858866843935365,0.05937566169887868,0.04204932795498861,0.05763701788329747
17686795,9671,187,108,3602,0.01933615965256954,0.3724537276393341,0.05872591780423969,0.02319535199876953,0.024410972279984813
12843316,9592,666,263,6501,0.06943286071726439,0.6777522935779816,0.05824620034931932,0.08261018412395993,0.05944523805218523
29513916,9508,115,70,4348,0.012095077829196466,0.4572991165334455,0.05773612103016348,0.014264521282665754,0.015821926477767933
12458065,9407,215,141,4263,0.022855320506006166,0.4531731689167641,0.05712281137260705,0.026668452832809886,0.031869880476646836
2407403,9382,383,321,1701,0.04082285227030484,0.18130462587934343,0.05697100205142972,0.04750705783705203,0.07255483427662152
22891673,9334,686,342,3580,0.07349475037497322,0.3835440325691022,0.05667952815476924,0.08509097043398876,0.0773014122199519
18916124,9307,351,257,2224,0.037713548941656815,0.23895992263887397,0.056515574087897716,0.04353779974100591,0.05808907292551941
289466,9196,154,60,3030,0.01674641148325359,0.32949108307959984,0.055841540701870356,0.019102054587221966,0.013561651266658228
31775712,9194,219,153,2662,0.023819882532086143,0.2895366543397868,0.05582939595617617,0.027164610094815654,0.03458221072997848
10245630,9192,589,113,3161,0.06407745865970409,0.34388598781549173,0.055817251210481984,0.07305915683034894,0.025541109885539662
10810198,9124,477,347,5752,0.0522797018851381,0.63042525208242,0.05540432985687964,0.05916675349418752,0.07843154982550675
23852330,9072,586,216,3739,0.06459435626102293,0.412147266313933,0.055088566468830785,0.07268703888384462,0.048821944559969625
9042365,9071,280,148,3283,0.030867600044096572,0.3619226105170323,0.05508249409598369,0.034731008340403574,0.03345207312442363
7877971,9049,415,153,3957,0.04586142115150845,0.43728588794341916,0.05494890189334763,0.051476315933098156,0.03458221072997848
24491616,9031,267,151,4214,0.029564832244491197,0.4666149928025689,0.054839599182099956,0.03311849723888484,0.03413015568775654
15574227,8932,151,134,3400,0.01690550828481863,0.380653828929691,0.054238434270237716,0.01872993664071764,0.030287687828870043
31330666,8917,244,169,3393,0.02736346304811035,0.38050913984523943,0.054147348677531314,0.030265592982351687,0.03819865106775401
17491634,8755,348,141,2747,0.03974871501998858,0.3137635636778983,0.053163624276302196,0.04316568179450159,0.031869880476646836
26383493,8734,150,132,3678,0.01717426150675521,0.42111289214563774,0.05303610444651324,0.0186058973252162,0.0298356327866481
24267774,8692,191,157,3644,0.021974229176254027,0.41923607915324435,0.05278106478693531,0.023691509260775297,0.035486320814422365
7075386,8661,297,157,4113,0.0342916522341531,0.4748874263941808,0.052592821228675424,0.03683967670392808,0.035486320814422365
23330020,8636,213,128,3397,0.024664196387216304,0.3933534043538675,0.052441011907498086,0.026420374201807005,0.02893152270220422
15743382,8619,1670,1639,2377,0.19375797656340643,0.27578605406659706,0.0523377815690975,0.20714565688740702,0.3704591071008806
3073302,8614,973,697,1847,0.11295565358718365,0.2144183886696076,0.05230741970486203,0.12069025398290242,0.15754118221434643
3828360,8613,692,363,2559,0.0803436665505631,0.29710902124695227,0.05230134733201494,0.0858352063269974,0.08204799016328228
17435335,8476,123,86,3037,0.014511562057574328,0.35830580462482303,0.051469432251963154,0.015256835806677284,0.01943836681554346
10013589,8385,947,665,2432,0.11293977340488968,0.2900417412045319,0.05091684632287766,0.11746523177986494,0.15030830153879537
3291799,8320,244,183,2889,0.029326923076923077,0.34723557692307694,0.05052214208781659,0.030265592982351687,0.0413630363633076
3073305,8282,1454,1096,2333,0.17556145858488287,0.2816952426950012,0.050291391919627046,0.1803531647390957,0.24772616313762363
14104562,8226,199,50,2817,0.024191587648918066,0.3424507658643326,0.049951339040189814,0.024683823784786826,0.011301376055548524
17091415,8214,172,80,2951,0.020939858777696614,0.3592646700754809,0.0498784705660247,0.02133476226624791,0.018082201688877638
5892331,8214,122,78,2179,0.014852690528366203,0.26527879230581936,0.0498784705660247,0.015132796491175843,0.017630146646655697
5084322,8162,259,80,3038,0.03173241852487135,0.37221269296740994,0.04956270717797585,0.03212618271487331,0.018082201688877638
10462151,8126,153,38,3016,0.01882845188284519,0.37115431946837313,0.049344101755480485,0.018978015271720525,0.008589045802216878
3406183,8107,197,78,2163,0.02429998766498088,0.2668064635500185,0.04922872667138571,0.024435745153783942,0.017630146646655697
16491630,8078,306,143,2971,0.037880663530576876,0.3677890566972023,0.04905262785882,0.03795603054344105,0.03232193551886878
6121534,8031,183,65,4322,0.022786701531565184,0.538164612128004,0.048767226335006617,0.022699194736763764,0.01469178887221308
19000595,7985,283,149,2397,0.03544145272385723,0.300187852222918,0.04848789718404032,0.0351031262869079,0.0336781006455346
13458071,7826,177,20,2307,0.022616917965755174,0.2947866087400971,0.047522389901352484,0.021954958843755118,0.0045205504222194095
14106384,7796,1083,747,2221,0.13891739353514623,0.2848896870189841,0.04734021871593968,0.13433457868806098,0.16884255826989494
31323522,7731,192,135,1142,0.02483507954986418,0.14771698357262966,0.046945514480878615,0.023815548576276737,0.030513715349981013
26071516,7709,157,117,2875,0.020365806200544817,0.37294071864055,0.04681192227824256,0.01947417253372629,0.026445219969983544
5743167,7695,331,199,2887,0.04301494476933074,0.3751786874593892,0.046726909058383254,0.041057013430977084,0.044979476701083126
4828354,7656,180,148,2529,0.023510971786833857,0.3303291536050157,0.04649008651734662,0.02232707679025944,0.03345207312442363
1428788,7613,165,142,3763,0.0216734533035597,0.494286089583607,0.0462289744849216,0.02046648705773782,0.03209590799775781
7828339,7603,329,165,2413,0.04327239247665395,0.31737472050506377,0.04616825075645067,0.0408089347999742,0.03729454098331013
1632450,7555,230,24,2836,0.03044341495698213,0.3753805426869623,0.045876776859790185,0.02852904256533151,0.005424660506663292
8214946,7536,103,100,2585,0.013667728237791932,0.34302016985138006,0.04576140177569541,0.012776049496648458,0.02260275211109705
29531970,7531,1446,1184,2748,0.19200637365555703,0.36489178064002126,0.04573103991145994,0.17936085021508416,0.26761658499538904
13445189,7490,434,297,2031,0.05794392523364486,0.27116154873164217,0.04548207262472912,0.05383306292762554,0.06713017376995822
73327,7395,814,660,1699,0.11007437457741717,0.22974983096686952,0.04490519720425525,0.10096800281817325,0.14917816393324052
29874686,7325,103,73,2833,0.014061433447098976,0.3867576791808874,0.044480131104958714,0.012776049496648458,0.016500009041100844
14006998,7238,124,37,2232,0.01713180436584692,0.3083724785852445,0.043951834667261595,0.015380875122178726,0.008363018281105907
5612724,7141,176,144,2381,0.024646408066097185,0.33342669093964433,0.04336281450109354,0.021830919528253674,0.03254796303997975
3406182,7111,281,77,2177,0.039516242441288145,0.30614540852200817,0.04318064331568074,0.03485504765590502,0.017404119125544727
30534043,7092,1179,391,5236,0.16624365482233502,0.7382966723068246,0.04306526823158597,0.14624235297619934,0.08837676075438945
12321091,7088,180,98,2188,0.025395033860045147,0.30869074492099324,0.0430409787401976,0.02232707679025944,0.022150697068875107
18836888,7084,105,57,1783,0.014822134387351778,0.25169395821569734,0.04301668924880922,0.01302412812765134,0.012883568703325316
29862638,6915,468,204,3054,0.06767895878524946,0.441648590021692,0.04199045823765045,0.058050399654674546,0.04610961430663798
3422224,6856,132,70,2030,0.019253208868144692,0.2960910151691949,0.04163218823967194,0.016373189646190257,0.015821926477767933
32135680,6844,262,202,2218,0.03828170660432496,0.32407948568088835,0.04155931976550682,0.03249830066137763,0.04565755926441604
7336375,6839,368,242,2390,0.0538090364088317,0.34946629624214065,0.041528957901271354,0.045646468104530415,0.05469866010885485
15885288,6794,102,30,1995,0.015013246982631734,0.29364144833676775,0.041255701123152154,0.012652010181147016,0.006780825633329114
18091420,6732,1139,555,3111,0.1691919191919192,0.4621212121212121,0.040879214006632365,0.1412807803561417,0.1254452742165886
30471712,6690,220,88,3561,0.03288490284005979,0.532286995515695,0.04062417434705445,0.027288649410317094,0.019890421857765402
3694556,6562,434,237,3222,0.06613837244742457,0.4910088387686681,0.0398469106226265,0.05383306292762554,0.0535685225033
17710659,6528,1246,873,1890,0.19087009803921567,0.28952205882352944,0.03964044994582533,0.1545529871147959,0.19732202592987722
22695010,6454,343,181,1996,0.05314533622559653,0.30926557173845676,0.03919109435514042,0.04254548521699438,0.04091098132108566
26949221,6443,287,185,1919,0.04454446686326245,0.2978426198975632,0.03912429825382239,0.03559928354891367,0.04181509140552954
13823055,6441,143,122,1914,0.022201521502872225,0.29715882626921286,0.0391121535081282,0.01773762211670611,0.027575357575538396
20496139,6412,104,32,1001,0.016219588271990017,0.15611353711790393,0.0389360546955625,0.012900088812149898,0.007232880675551055
15506599,6408,1066,981,2418,0.166354556803995,0.37734082397003743,0.03891176520417412,0.13222591032453646,0.22173299820986203
2342814,6386,355,194,2371,0.0555903538991544,0.37128092702787346,0.038778173001538074,0.04403395700301167,0.043849339095528274
28864843,6352,393,306,2477,0.06187027707808564,0.389955919395466,0.0385717123247369,0.04874745099206645,0.06916442145995697
3788051,6351,176,132,1395,0.027712171311604472,0.21965044874822862,0.0385656399518898,0.021830919528253674,0.0298356327866481
7351509,6314,292,168,2323,0.04624643649033893,0.3679125752296484,0.03834096215654735,0.03621948012642087,0.03797262354664304
22726403,6270,184,113,1873,0.02934609250398724,0.2987240829346092,0.038073777751275246,0.022823234052265207,0.025541109885539662
20309767,6252,348,159,2535,0.05566218809980806,0.40547024952015354,0.03796447504002756,0.04316568179450159,0.035938375856644306
26534046,6203,159,62,2030,0.025632758342737386,0.3272610027406094,0.03766692877051999,0.01972225116472917,0.014013706308880169
8891880,6137,139,50,2112,0.0226495030145022,0.3441420889685514,0.03726615216261183,0.017241464854700347,0.011301376055548524
28726401,6100,335,114,1548,0.05491803278688524,0.2537704918032787,0.03704147436726938,0.041553170692982845,0.025767137406650632
9100694,6051,115,49,2319,0.01900512312014543,0.38324243926623697,0.0367439280977618,0.014264521282665754,0.011075348534437554
16422824,6004,135,54,2321,0.022485009993337773,0.3865756162558294,0.036458526573948415,0.016745307592694582,0.012205486139992406
4676898,5973,278,161,1872,0.04654277582454378,0.3134103465595178,0.03627028301568852,0.03448292970940069,0.03639043089886625
15823034,5943,211,101,1980,0.035503954231869424,0.3331650681474003,0.03608811183027572,0.02617229557080412,0.02282877963220802
29687343,5880,471,234,2886,0.08010204081632653,0.49081632653061225,0.035705552340908844,0.05842251760117887,0.05289043993996709
1313883,5873,106,34,1718,0.01804869742891197,0.2925251149327431,0.035663045730979184,0.013148167443152782,0.007684935717772996
26491443,5770,185,39,2565,0.032062391681109186,0.4445407279029463,0.03503759132772857,0.022947273367766648,0.008815073323327849
24526835,5747,123,70,1376,0.021402470854358795,0.23942926744388376,0.03489792675224543,0.015256835806677284,0.015821926477767933
5061823,5738,129,49,2017,0.02248170094109446,0.3515162077378878,0.03484327539662159,0.016001071699685933,0.011075348534437554
9097340,5734,251,182,2291,0.04377397976979421,0.3995465643529822,0.03481898590523321,0.031133868190861776,0.04113700884219663
1869939,5723,354,286,3366,0.061855670103092786,0.5881530665734754,0.03475218980391519,0.043909917687510236,0.06464387103773755
12845408,5695,134,40,1810,0.023529411764705882,0.31782265144863914,0.034582163364196575,0.016621268277193138,0.009041100844438819
7336371,5694,247,207,2007,0.04337899543378995,0.35247629083245524,0.03457609099134948,0.03063771092885601,0.04678769686997089
73325,5692,408,285,1511,0.07167955024595925,0.26546029515108926,0.03456394624565529,0.05060804072458806,0.06441784351662659
23288223,5684,444,251,2203,0.0781140042223786,0.387579169598874,0.034515367262878544,0.05507345608263995,0.05673290779885359
29880997,5606,829,559,1668,0.14787727434891187,0.29753835176596505,0.03404172218080526,0.10282859255069488,0.12634938430103249
6697149,5575,133,54,1688,0.023856502242152466,0.30278026905829597,0.033853478622545376,0.016497228961691698,0.012205486139992406
10123946,5534,191,143,2365,0.034513913986266714,0.42735814962052765,0.033604511335814546,0.023691509260775297,0.03232193551886878
7845418,5511,104,44,3072,0.01887134821266558,0.5574305933587371,0.0334648467603314,0.012900088812149898,0.009945210928882701
2865319,5449,189,56,1865,0.034685263351073595,0.3422646357129749,0.03308835964381161,0.023443430629772413,0.012657541182214346
14106399,5346,865,584,1638,0.16180321735877293,0.3063973063973064,0.032462905240560995,0.10729400790874676,0.13200007232880676
23852344,5322,449,224,2413,0.08436677940623825,0.4534009770762871,0.032317168292230754,0.05569365266014716,0.05063016472885738
29903689,5316,398,314,450,0.07486832204665161,0.08465011286681716,0.0322807340551482,0.04936764756957365,0.07097264162884473
7336381,5296,143,110,1696,0.027001510574018128,0.3202416918429003,0.03215928659820633,0.01773762211670611,0.02486302732220675
26372320,5264,610,394,1925,0.11588145896656535,0.36569148936170215,0.03196497066709934,0.07566398245587921,0.08905484331772237
17661711,5252,292,193,2037,0.055597867479055596,0.38785224676313784,0.03189210219293422,0.03621948012642087,0.0436233115744173
17445189,5251,161,87,1532,0.030660826509236336,0.2917539516282613,0.03188602982008713,0.019970329795732055,0.01966439433665443
2953712,5249,229,145,1665,0.043627357591922274,0.31720327681463134,0.03187388507439294,0.028405003249830064,0.03277399056109072
15321102,5236,388,161,1977,0.07410236822001529,0.3775783040488923,0.03179494422738073,0.048127254414559235,0.03639043089886625
24097956,5210,103,24,1497,0.019769673704414587,0.2873320537428023,0.031637062533356304,0.012776049496648458,0.005424660506663292
18916125,5190,316,93,1247,0.06088631984585742,0.24026974951830443,0.031515615076414434,0.03919642369845546,0.021020559463320255
8403843,5177,207,118,1929,0.039984547034962334,0.37260961947073595,0.031436674229402224,0.025676138308798356,0.026671247491094514
6442601,5163,233,89,2211,0.045128801084640714,0.42823939570017433,0.03135166100954292,0.028901160511835833,0.020116449378876373
26614035,5144,250,42,1675,0.04860031104199067,0.32562208398133746,0.031236285925448144,0.031009828875360333,0.00949315588666076
3073304,5064,495,378,981,0.09774881516587677,0.19372037914691942,0.030750496097680675,0.06139946117321346,0.08543840297994684
27091101,5000,309,171,1884,0.0618,0.3768,0.0303618642354667,0.038328148489945375,0.03865070610997595
24045148,4924,127,95,1263,0.025792038992688872,0.25649878147847277,0.02990036389908761,0.01575299306868305,0.021472614505542196
15323491,4915,178,99,1884,0.03621566632756867,0.38331637843336724,0.029845712543463767,0.02207899815925656,0.022376724589986078
26614024,4909,301,82,1786,0.06131595029537584,0.36382155225096763,0.029809278306381207,0.037335833965933846,0.01853425673109958
28071513,4902,248,106,1668,0.05059159526723786,0.3402692778457772,0.029766771696451554,0.030761750244357452,0.02395891723776287
24419530,4900,119,41,2134,0.024285714285714285,0.43551020408163266,0.029754626950757368,0.014760678544671519,0.00926712836554979
3610770,4893,124,87,2509,0.02534232577151032,0.512773349683221,0.029712120340827715,0.015380875122178726,0.01966439433665443
16920604,4861,154,79,1526,0.03168072413083728,0.3139271754782966,0.029517804409720728,0.019102054587221966,0.017856174167766668
11387831,4855,114,78,1753,0.023480947476828013,0.36107106076210094,0.029481370172638167,0.014140481967164312,0.017630146646655697
23852331,4769,247,101,1659,0.05179282868525897,0.34787167120989726,0.02895914610778814,0.03063771092885601,0.02282877963220802
8634899,4759,277,75,1761,0.058205505358268544,0.3700357217902921,0.028898422379317206,0.03435889039389925,0.016952064083322785
14398567,4650,204,165,1307,0.04387096774193548,0.2810752688172043,0.02823653373898403,0.02530402036229403,0.03729454098331013
31129937,4642,232,101,1596,0.04997845756139595,0.34381732012063765,0.028187954756207285,0.02877712119633439,0.02282877963220802
31084986,4606,145,136,1677,0.03148067737733391,0.364090316977855,0.027969349333711927,0.017985700747708992,0.030739742871091984
12351511,4383,124,90,1724,0.028291124800365046,0.39333789641797856,0.02661521018881011,0.015380875122178726,0.020342476899987343
13576416,4363,127,60,1862,0.029108411643364657,0.42677057070822827,0.026493762731868244,0.01575299306868305,0.013561651266658228
31452108,4347,330,184,1354,0.0759144237405107,0.3114791810443984,0.026396604766314752,0.04093297411547564,0.04158906388441857
24982961,4332,395,189,2489,0.09118190212373038,0.5745614035087719,0.02630551917360835,0.04899552962306933,0.04271920148997342
14300126,4284,114,36,1461,0.02661064425770308,0.34103641456582634,0.02601404527694787,0.014140481967164312,0.008136990759994937
29513908,4219,147,70,1705,0.03484237971083195,0.4041242000474046,0.025619341041886803,0.018233779378711876,0.015821926477767933
14891867,4189,269,140,1472,0.06421580329434233,0.35139651468130817,0.025437169856474002,0.03336657586988772,0.031643852955535866
1632451,4179,107,22,1382,0.025604211533859774,0.3307011246709739,0.02537644612800307,0.013272206758654223,0.0049726054644413506
29513915,4174,143,77,1799,0.034259702922855774,0.4310014374700527,0.025346084263767603,0.01773762211670611,0.017404119125544727
28864844,4100,236,165,1369,0.0575609756097561,0.33390243902439026,0.024896728673082694,0.029273278458340154,0.03729454098331013
29864831,4069,246,167,1569,0.06045711477021381,0.38559842713197345,0.024708485114822803,0.030513671613354568,0.03774659602553207
2865318,3989,287,157,1310,0.07194785660566558,0.3284031085485084,0.024222695287055333,0.03559928354891367,0.035486320814422365
4804073,3974,194,133,1470,0.04881731253145445,0.3699043784599899,0.024131609694348934,0.024063627207279618,0.030061660307759072
14398570,3966,126,86,1295,0.03177004538577912,0.3265254664649521,0.02408303071157219,0.01562895375318161,0.01943836681554346
9700342,3956,139,101,1687,0.035136501516683516,0.4264408493427705,0.024022306983101253,0.017241464854700347,0.02282877963220802
16920597,3842,107,66,1244,0.027850078084331077,0.3237896928682978,0.023330056478532615,0.013272206758654223,0.01491781639332405
7210407,3720,147,37,1926,0.03951612903225806,0.5177419354838709,0.022589226991187226,0.018233779378711876,0.008363018281105907
7828337,3715,235,127,1283,0.063257065948856,0.34535666218034994,0.02255886512695176,0.029149239142838713,0.02870549518109325
18899195,3714,185,107,2228,0.0498115239633818,0.5998922994076468,0.022552792754104666,0.022947273367766648,0.024184944758873842
3694557,3688,847,460,1961,0.22966377440347072,0.5317245119305857,0.02239491106008024,0.10506130022972081,0.10397265971104641
13710655,3599,412,275,1048,0.11447624340094471,0.2911919977771603,0.02185446987668893,0.05110419798659383,0.06215756830551688
11765782,3551,238,167,1802,0.06702337369754999,0.5074626865671642,0.021562995980028452,0.029521357089343038,0.03774659602553207
17916128,3458,101,13,602,0.029207634470792367,0.17408906882591094,0.02099826530524877,0.012527970865645575,0.0029383577744426163
3073303,3429,524,448,913,0.15281423155438903,0.2662583843686206,0.020822166492683064,0.06499660132275525,0.10126032945771477
29687342,3215,283,187,1409,0.0880248833592535,0.43825816485225505,0.01952267870340509,0.0351031262869079,0.04226714644775148
25843273,3198,170,64,1349,0.05315822388993121,0.42182614133833646,0.0194194483650045,0.02108668363524503,0.01446576135110211
8695046,3105,164,84,1251,0.05281803542673108,0.4028985507246377,0.018854717690224822,0.02034244774223638,0.01898631177332152
2073319,3090,426,313,805,0.1378640776699029,0.2605177993527508,0.018763632097518423,0.05284074840361401,0.07074661410773375
1871873,3001,100,43,656,0.03332222592469177,0.218593802065978,0.018223190914127115,0.012403931550144133,0.00971918340777173
24982960,2885,195,47,1247,0.06759098786828423,0.4322357019064125,0.017518795663864287,0.02418766652278106,0.010623293492215613
26903589,2848,111,74,1257,0.038974719101123594,0.4413623595505618,0.017294117868521832,0.013768364020659988,0.016726036562211815
26949223,2847,163,61,982,0.057253249034070954,0.3449244819107833,0.01728804549567474,0.02021840842673494,0.013787678787769198
1341198,2841,142,107,862,0.049982400563181976,0.3034142907426962,0.01725161125859218,0.01761358280120467,0.024184944758873842
30487330,2802,211,119,1050,0.07530335474660957,0.3747323340471092,0.01701478871755554,0.02617229557080412,0.026897275012205485
7980574,2768,129,45,1075,0.04660404624277457,0.3883670520231214,0.016808328040754366,0.016001071699685933,0.010171238449993672
22071674,2728,184,102,1125,0.06744868035190615,0.4123900293255132,0.016565433126870633,0.022823234052265207,0.02305480715331899
6810192,2720,967,461,1280,0.35551470588235295,0.47058823529411764,0.016516854144093887,0.11994601808989377,0.10419868723215739
15506600,2665,284,261,769,0.10656660412757973,0.2885553470919325,0.01618287363750375,0.03522716560240934,0.05899318300996329
17051292,2654,259,129,883,0.09758854559155991,0.33270535041446875,0.016116077536185724,0.03212618271487331,0.02915755022331519
32135669,2620,210,175,955,0.08015267175572519,0.36450381679389315,0.01590961685938455,0.02604825625530268,0.039554816194419834
32405311,2576,126,107,1206,0.04891304347826087,0.46816770186335405,0.015642432454112443,0.01562895375318161,0.024184944758873842
22071675,2504,315,180,1036,0.12579872204472844,0.41373801916932906,0.015205221609121725,0.039072384382954024,0.04068495379997469
28795047,2470,101,35,942,0.04089068825910931,0.3813765182186235,0.01499876093232055,0.012527970865645575,0.007910963238883966
2462355,2446,241,12,1191,0.09852820932134096,0.48691741618969747,0.014853023983990311,0.029893475035847362,0.002712330253331646
24045153,2317,152,95,757,0.06560207164436772,0.32671558049201554,0.01406968788671527,0.01885397595621908,0.021472614505542196
22496144,2109,126,84,750,0.059743954480796585,0.35561877667140823,0.012806634334519855,0.01562895375318161,0.01898631177332152
10055720,1895,103,39,645,0.054353562005277044,0.3403693931398417,0.01150714654524188,0.012776049496648458,0.008815073323327849
4406178,1789,120,82,471,0.06707657909446618,0.26327557294577975,0.010863475023449986,0.014884717860172961,0.01853425673109958
13435356,1765,218,22,829,0.1235127478753541,0.4696883852691218,0.010717738075119746,0.02704057077931421,0.0049726054644413506
20916101,1742,129,88,785,0.07405281285878301,0.4506314580941447,0.010578073499636598,0.016001071699685933,0.019890421857765402
30471715,1607,114,42,742,0.07093963907902924,0.46172993154947106,0.009758303165278998,0.014140481967164312,0.00949315588666076
29531976,1487,299,247,450,0.20107599193006054,0.3026227303295225,0.009029618423627797,0.03708775533493096,0.055828797714409704
8904991,1462,169,110,536,0.11559507523939809,0.36662106703146374,0.008877809102450463,0.020962644319743585,0.02486302732220675
11765780,1409,165,141,867,0.11710432931156849,0.6153300212916962,0.008555973341554517,0.02046648705773782,0.031869880476646836
29531977,1134,182,127,314,0.16049382716049382,0.2768959435626102,0.006886070808603848,0.022575155421262323,0.02870549518109325
