feature_name,coefficient,run_id,run_tier,paper_result,analysis_tier,experiment_id,config_hash,input_manifest_hash,code_version_type,code_version
intercept,2.6653904376230804,exp3-full-20260807T072340Z,full,False,primary,exp3,2eebb3dfafa708ac36ff5b5fb2d215b77f5189e37ae94ea9afe8470831770580,e0c1288a22ea2cf3abde9f2c0887f795fe4c2e7d6f705d077ac9a8a819518e6d,source_tree_sha256,030d6bb049591fda35c4e54df090bbc50eb1e12d8482c28cc71dffec7cef6fa0
action_indicator_00,-0.025636529752851637,exp3-full-20260807T072340Z,full,False,primary,exp3,2eebb3dfafa708ac36ff5b5fb2d215b77f5189e37ae94ea9afe8470831770580,e0c1288a22ea2cf3abde9f2c0887f795fe4c2e7d6f705d077ac9a8a819518e6d,source_tree_sha256,030d6bb049591fda35c4e54df090bbc50eb1e12d8482c28cc71dffec7cef6fa0
action_indicator_01,0.00715624033272454,exp3-full-20260807T072340Z,full,False,primary,exp3,2eebb3dfafa708ac36ff5b5fb2d215b77f5189e37ae94ea9afe8470831770580,e0c1288a22ea2cf3abde9f2c0887f795fe4c2e7d6f705d077ac9a8a819518e6d,source_tree_sha256,030d6bb049591fda35c4e54df090bbc50eb1e12d8482c28cc71dffec7cef6fa0
action_indicator_02,0.028194258469254108,exp3-full-20260807T072340Z,full,False,primary,exp3,2eebb3dfafa708ac36ff5b5fb2d215b77f5189e37ae94ea9afe8470831770580,e0c1288a22ea2cf3abde9f2c0887f795fe4c2e7d6f705d077ac9a8a819518e6d,source_tree_sha256,030d6bb049591fda35c4e54df090bbc50eb1e12d8482c28cc71dffec7cef6fa0
action_indicator_03,-0.0147361378379236,exp3-full-20260807T072340Z,full,False,primary,exp3,2eebb3dfafa708ac36ff5b5fb2d215b77f5189e37ae94ea9afe8470831770580,e0c1288a22ea2cf3abde9f2c0887f795fe4c2e7d6f705d077ac9a8a819518e6d,source_tree_sha256,030d6bb049591fda35c4e54df090bbc50eb1e12d8482c28cc71dffec7cef6fa0
action_indicator_04,-0.052064650806026305,exp3-full-20260807T072340Z,full,False,primary,exp3,2eebb3dfafa708ac36ff5b5fb2d215b77f5189e37ae94ea9afe8470831770580,e0c1288a22ea2cf3abde9f2c0887f795fe4c2e7d6f705d077ac9a8a819518e6d,source_tree_sha256,030d6bb049591fda35c4e54df090bbc50eb1e12d8482c28cc71dffec7cef6fa0
action_indicator_05,0.14896670228727768,exp3-full-20260807T072340Z,full,False,primary,exp3,2eebb3dfafa708ac36ff5b5fb2d215b77f5189e37ae94ea9afe8470831770580,e0c1288a22ea2cf3abde9f2c0887f795fe4c2e7d6f705d077ac9a8a819518e6d,source_tree_sha256,030d6bb049591fda35c4e54df090bbc50eb1e12d8482c28cc71dffec7cef6fa0
action_indicator_06,-0.00940320348976645,exp3-full-20260807T072340Z,full,False,primary,exp3,2eebb3dfafa708ac36ff5b5fb2d215b77f5189e37ae94ea9afe8470831770580,e0c1288a22ea2cf3abde9f2c0887f795fe4c2e7d6f705d077ac9a8a819518e6d,source_tree_sha256,030d6bb049591fda35c4e54df090bbc50eb1e12d8482c28cc71dffec7cef6fa0
action_indicator_07,0.042219916294818194,exp3-full-20260807T072340Z,full,False,primary,exp3,2eebb3dfafa708ac36ff5b5fb2d215b77f5189e37ae94ea9afe8470831770580,e0c1288a22ea2cf3abde9f2c0887f795fe4c2e7d6f705d077ac9a8a819518e6d,source_tree_sha256,030d6bb049591fda35c4e54df090bbc50eb1e12d8482c28cc71dffec7cef6fa0
action_indicator_08,-0.05306395340074864,exp3-full-20260807T072340Z,full,False,primary,exp3,2eebb3dfafa708ac36ff5b5fb2d215b77f5189e37ae94ea9afe8470831770580,e0c1288a22ea2cf3abde9f2c0887f795fe4c2e7d6f705d077ac9a8a819518e6d,source_tree_sha256,030d6bb049591fda35c4e54df090bbc50eb1e12d8482c28cc71dffec7cef6fa0
action_indicator_09,0.032282316348691734,exp3-full-20260807T072340Z,full,False,primary,exp3,2eebb3dfafa708ac36ff5b5fb2d215b77f5189e37ae94ea9afe8470831770580,e0c1288a22ea2cf3abde9f2c0887f795fe4c2e7d6f705d077ac9a8a819518e6d,source_tree_sha256,030d6bb049591fda35c4e54df090bbc50eb1e12d8482c28cc71dffec7cef6fa0
action_indicator_10,-0.01954266249415205,exp3-full-20260807T072340Z,full,False,primary,exp3,2eebb3dfafa708ac36ff5b5fb2d215b77f5189e37ae94ea9afe8470831770580,e0c1288a22ea2cf3abde9f2c0887f795fe4c2e7d6f705d077ac9a8a819518e6d,source_tree_sha256,030d6bb049591fda35c4e54df090bbc50eb1e12d8482c28cc71dffec7cef6fa0
action_indicator_11,0.20216545538929417,exp3-full-20260807T072340Z,full,False,primary,exp3,2eebb3dfafa708ac36ff5b5fb2d215b77f5189e37ae94ea9afe8470831770580,e0c1288a22ea2cf3abde9f2c0887f795fe4c2e7d6f705d077ac9a8a819518e6d,source_tree_sha256,030d6bb049591fda35c4e54df090bbc50eb1e12d8482c28cc71dffec7cef6fa0
action_indicator_12,-0.007061421075225164,exp3-full-20260807T072340Z,full,False,primary,exp3,2eebb3dfafa708ac36ff5b5fb2d215b77f5189e37ae94ea9afe8470831770580,e0c1288a22ea2cf3abde9f2c0887f795fe4c2e7d6f705d077ac9a8a819518e6d,source_tree_sha256,030d6bb049591fda35c4e54df090bbc50eb1e12d8482c28cc71dffec7cef6fa0
action_indicator_13,-0.11365402014546008,exp3-full-20260807T072340Z,full,False,primary,exp3,2eebb3dfafa708ac36ff5b5fb2d215b77f5189e37ae94ea9afe8470831770580,e0c1288a22ea2cf3abde9f2c0887f795fe4c2e7d6f705d077ac9a8a819518e6d,source_tree_sha256,030d6bb049591fda35c4e54df090bbc50eb1e12d8482c28cc71dffec7cef6fa0
action_indicator_14,-0.09916627791637679,exp3-full-20260807T072340Z,full,False,primary,exp3,2eebb3dfafa708ac36ff5b5fb2d215b77f5189e37ae94ea9afe8470831770580,e0c1288a22ea2cf3abde9f2c0887f795fe4c2e7d6f705d077ac9a8a819518e6d,source_tree_sha256,030d6bb049591fda35c4e54df090bbc50eb1e12d8482c28cc71dffec7cef6fa0
action_indicator_15,-0.09948261067494456,exp3-full-20260807T072340Z,full,False,primary,exp3,2eebb3dfafa708ac36ff5b5fb2d215b77f5189e37ae94ea9afe8470831770580,e0c1288a22ea2cf3abde9f2c0887f795fe4c2e7d6f705d077ac9a8a819518e6d,source_tree_sha256,030d6bb049591fda35c4e54df090bbc50eb1e12d8482c28cc71dffec7cef6fa0
action_indicator_16,-0.038231831933258485,exp3-full-20260807T072340Z,full,False,primary,exp3,2eebb3dfafa708ac36ff5b5fb2d215b77f5189e37ae94ea9afe8470831770580,e0c1288a22ea2cf3abde9f2c0887f795fe4c2e7d6f705d077ac9a8a819518e6d,source_tree_sha256,030d6bb049591fda35c4e54df090bbc50eb1e12d8482c28cc71dffec7cef6fa0
action_indicator_17,0.062007597964239,exp3-full-20260807T072340Z,full,False,primary,exp3,2eebb3dfafa708ac36ff5b5fb2d215b77f5189e37ae94ea9afe8470831770580,e0c1288a22ea2cf3abde9f2c0887f795fe4c2e7d6f705d077ac9a8a819518e6d,source_tree_sha256,030d6bb049591fda35c4e54df090bbc50eb1e12d8482c28cc71dffec7cef6fa0
action_indicator_18,0.06692865973148603,exp3-full-20260807T072340Z,full,False,primary,exp3,2eebb3dfafa708ac36ff5b5fb2d215b77f5189e37ae94ea9afe8470831770580,e0c1288a22ea2cf3abde9f2c0887f795fe4c2e7d6f705d077ac9a8a819518e6d,source_tree_sha256,030d6bb049591fda35c4e54df090bbc50eb1e12d8482c28cc71dffec7cef6fa0
action_indicator_19,-0.05787784777922423,exp3-full-20260807T072340Z,full,False,primary,exp3,2eebb3dfafa708ac36ff5b5fb2d215b77f5189e37ae94ea9afe8470831770580,e0c1288a22ea2cf3abde9f2c0887f795fe4c2e7d6f705d077ac9a8a819518e6d,source_tree_sha256,030d6bb049591fda35c4e54df090bbc50eb1e12d8482c28cc71dffec7cef6fa0
lag_proxy_mean,1.059583813205791,exp3-full-20260807T072340Z,full,False,primary,exp3,2eebb3dfafa708ac36ff5b5fb2d215b77f5189e37ae94ea9afe8470831770580,e0c1288a22ea2cf3abde9f2c0887f795fe4c2e7d6f705d077ac9a8a819518e6d,source_tree_sha256,030d6bb049591fda35c4e54df090bbc50eb1e12d8482c28cc71dffec7cef6fa0
log1p_lag_proxy_count,0.0003753720974450184,exp3-full-20260807T072340Z,full,False,primary,exp3,2eebb3dfafa708ac36ff5b5fb2d215b77f5189e37ae94ea9afe8470831770580,e0c1288a22ea2cf3abde9f2c0887f795fe4c2e7d6f705d077ac9a8a819518e6d,source_tree_sha256,030d6bb049591fda35c4e54df090bbc50eb1e12d8482c28cc71dffec7cef6fa0
lag_proxy_missing,0.2770062671575597,exp3-full-20260807T072340Z,full,False,primary,exp3,2eebb3dfafa708ac36ff5b5fb2d215b77f5189e37ae94ea9afe8470831770580,e0c1288a22ea2cf3abde9f2c0887f795fe4c2e7d6f705d077ac9a8a819518e6d,source_tree_sha256,030d6bb049591fda35c4e54df090bbc50eb1e12d8482c28cc71dffec7cef6fa0
