route_id,route_label_rate,attribution_proxy_noise_sd,shared_seed_count,population_action_gap_defect_mean,population_action_gap_defect_sd,population_action_gap_defect_mcse,population_action_gap_defect_ci_lower,population_action_gap_defect_ci_upper,route_optimal_set_conflict_rate_mean,route_optimal_set_conflict_rate_sd,route_optimal_set_conflict_rate_mcse,route_optimal_set_conflict_rate_ci_lower,route_optimal_set_conflict_rate_ci_upper,pairwise_gap_sign_disagreement_rate_mean,pairwise_gap_sign_disagreement_rate_sd,pairwise_gap_sign_disagreement_rate_mcse,pairwise_gap_sign_disagreement_rate_ci_lower,pairwise_gap_sign_disagreement_rate_ci_upper,margin_certificate_rate_mean,margin_certificate_rate_sd,margin_certificate_rate_mcse,margin_certificate_rate_ci_lower,margin_certificate_rate_ci_upper,run_id,run_tier,paper_result,experiment_id,module_id,analysis_tier,code_commit,config_hash,source_code_hash,calibration_hash,result_schema,seed_or_replication
proxy_label,0.0,0.0,100,0.08238792848562115,0.003910177408512121,0.0003910177408512121,0.08161473052955992,0.08313909295950955,0.023227368421052632,0.0036880581412425694,0.00036880581412425693,0.022522000000000004,0.02392636842105263,0.025628304093567245,0.0009934490709351735,9.934490709351735e-05,0.0254335403508772,0.025823916959064327,0.9032378947368422,0.007409577775067825,0.0007409577775067825,0.9017847894736843,0.9047116842105264,full_20260807T045219Z_7eeb2a31,full,False,exp4_controlled_route_audit,module_a_route_alignment,primary,7915d9f10d3f70094c057f75655f791b44f9997c,0f87d5b27c36a5e6857bd889a8ee48a0b2b2e6abb10d8d08a7980998c1458db9,1b265647b85ce479a9571526f7d30430e6fe18afac75d069195d3368c75f2965,805a7fc583bb99acdf6f15864a33f0c96033d74e87dbf8fb4601ef6b19d69c2a,exp4_controlled_route_audit_v2,aggregate
proxy_label,0.0,0.1,100,0.0829183654539838,0.003962784457739187,0.0003962784457739187,0.0821785730319675,0.08369399900445708,0.023418947368421053,0.003715157636196188,0.0003715157636196188,0.022686263157894737,0.02417684210526316,0.026398877192982458,0.0010154443325880549,0.00010154443325880549,0.02619868421052632,0.026602810526315787,0.9026357894736842,0.007786253339519692,0.0007786253339519692,0.9011342631578945,0.9041538421052632,full_20260807T045219Z_7eeb2a31,full,False,exp4_controlled_route_audit,module_a_route_alignment,primary,7915d9f10d3f70094c057f75655f791b44f9997c,0f87d5b27c36a5e6857bd889a8ee48a0b2b2e6abb10d8d08a7980998c1458db9,1b265647b85ce479a9571526f7d30430e6fe18afac75d069195d3368c75f2965,805a7fc583bb99acdf6f15864a33f0c96033d74e87dbf8fb4601ef6b19d69c2a,exp4_controlled_route_audit_v2,aggregate
proxy_label,0.0,0.25,100,0.08597653645926406,0.004095600346147955,0.0004095600346147955,0.08519522851951922,0.08674425452461264,0.024928421052631582,0.0038684076352264716,0.0003868407635226472,0.024145263157894736,0.025635842105263158,0.030127111111111115,0.001288922796258366,0.0001288922796258366,0.029869791812865507,0.030370327485380117,0.8990231578947367,0.007990341969475769,0.0007990341969475769,0.8974355789473684,0.9006108421052633,full_20260807T045219Z_7eeb2a31,full,False,exp4_controlled_route_audit,module_a_route_alignment,primary,7915d9f10d3f70094c057f75655f791b44f9997c,0f87d5b27c36a5e6857bd889a8ee48a0b2b2e6abb10d8d08a7980998c1458db9,1b265647b85ce479a9571526f7d30430e6fe18afac75d069195d3368c75f2965,805a7fc583bb99acdf6f15864a33f0c96033d74e87dbf8fb4601ef6b19d69c2a,exp4_controlled_route_audit_v2,aggregate
proxy_label,0.0,1.0,100,0.15052368683806996,0.005707652307756058,0.0005707652307756059,0.14944335827345287,0.1516208579039946,0.06417894736842104,0.0054588089700961856,0.0005458808970096186,0.06311768421052631,0.06531584210526314,0.06735588304093568,0.004088543800344979,0.00040885438003449785,0.06657078128654971,0.06818626900584794,0.8282505263157894,0.007751921494538931,0.0007751921494538931,0.8267765789473686,0.8297032631578948,full_20260807T045219Z_7eeb2a31,full,False,exp4_controlled_route_audit,module_a_route_alignment,primary,7915d9f10d3f70094c057f75655f791b44f9997c,0f87d5b27c36a5e6857bd889a8ee48a0b2b2e6abb10d8d08a7980998c1458db9,1b265647b85ce479a9571526f7d30430e6fe18afac75d069195d3368c75f2965,805a7fc583bb99acdf6f15864a33f0c96033d74e87dbf8fb4601ef6b19d69c2a,exp4_controlled_route_audit_v2,aggregate
proxy_label,0.3,0.0,100,0.06151433910114771,0.0031691123023432927,0.0003169112302343293,0.060878328964873114,0.06211600004264735,0.017610526315789476,0.003001160971809465,0.0003001160971809465,0.017021052631578947,0.018204315789473683,0.020542128654970765,0.000982520559674082,9.82520559674082e-05,0.02035431929824561,0.020739097076023394,0.9313642105263159,0.005627494233279041,0.0005627494233279042,0.9302313684210526,0.9324801052631579,full_20260807T045219Z_7eeb2a31,full,False,exp4_controlled_route_audit,module_a_route_alignment,primary,7915d9f10d3f70094c057f75655f791b44f9997c,0f87d5b27c36a5e6857bd889a8ee48a0b2b2e6abb10d8d08a7980998c1458db9,1b265647b85ce479a9571526f7d30430e6fe18afac75d069195d3368c75f2965,805a7fc583bb99acdf6f15864a33f0c96033d74e87dbf8fb4601ef6b19d69c2a,exp4_controlled_route_audit_v2,aggregate
proxy_label,0.3,0.1,100,0.061951663574593765,0.0031949877539075226,0.00031949877539075224,0.061324074156589345,0.06257907989900137,0.017886315789473684,0.00306149805861589,0.000306149805861589,0.01728415789473684,0.018486315789473684,0.021146432748538013,0.0009869902322304116,9.869902322304116e-05,0.020964781286549706,0.021343575438596493,0.9306715789473682,0.00574688856896225,0.000574688856896225,0.9295493684210526,0.931777,full_20260807T045219Z_7eeb2a31,full,False,exp4_controlled_route_audit,module_a_route_alignment,primary,7915d9f10d3f70094c057f75655f791b44f9997c,0f87d5b27c36a5e6857bd889a8ee48a0b2b2e6abb10d8d08a7980998c1458db9,1b265647b85ce479a9571526f7d30430e6fe18afac75d069195d3368c75f2965,805a7fc583bb99acdf6f15864a33f0c96033d74e87dbf8fb4601ef6b19d69c2a,exp4_controlled_route_audit_v2,aggregate
proxy_label,0.3,0.25,100,0.06445209810120765,0.003320580112840552,0.0003320580112840552,0.06383304038172954,0.06509804362622434,0.019178947368421052,0.0031018236657558433,0.00031018236657558433,0.01858726315789473,0.019785263157894736,0.02407307602339181,0.0012541234189047876,0.00012541234189047875,0.023832791812865496,0.024324690058479537,0.9279852631578949,0.005880765321509562,0.0005880765321509562,0.9268272105263159,0.9291642631578949,full_20260807T045219Z_7eeb2a31,full,False,exp4_controlled_route_audit,module_a_route_alignment,primary,7915d9f10d3f70094c057f75655f791b44f9997c,0f87d5b27c36a5e6857bd889a8ee48a0b2b2e6abb10d8d08a7980998c1458db9,1b265647b85ce479a9571526f7d30430e6fe18afac75d069195d3368c75f2965,805a7fc583bb99acdf6f15864a33f0c96033d74e87dbf8fb4601ef6b19d69c2a,exp4_controlled_route_audit_v2,aggregate
proxy_label,0.3,1.0,100,0.11471741558966891,0.005122104224310766,0.0005122104224310766,0.11376008881329222,0.11566357884939793,0.047886315789473693,0.004158468187024827,0.00041584681870248275,0.04710094736842106,0.04866110526315791,0.05413005847953217,0.0037503186181029272,0.00037503186181029273,0.05337811111111111,0.05485244093567252,0.8775894736842105,0.007068863386000442,0.0007068863386000443,0.8761511052631579,0.8789036842105262,full_20260807T045219Z_7eeb2a31,full,False,exp4_controlled_route_audit,module_a_route_alignment,primary,7915d9f10d3f70094c057f75655f791b44f9997c,0f87d5b27c36a5e6857bd889a8ee48a0b2b2e6abb10d8d08a7980998c1458db9,1b265647b85ce479a9571526f7d30430e6fe18afac75d069195d3368c75f2965,805a7fc583bb99acdf6f15864a33f0c96033d74e87dbf8fb4601ef6b19d69c2a,exp4_controlled_route_audit_v2,aggregate
proxy_label,0.7,0.0,100,0.02761731190274094,0.0020719082865985894,0.00020719082865985894,0.027205611903612974,0.02801288455835669,0.006717894736842105,0.0015580312309991724,0.00015580312309991724,0.0064231578947368416,0.007021052631578947,0.011055859649122807,0.0008688567781486169,8.68856778148617e-05,0.010888416374269006,0.011220690058479532,0.9726673684210526,0.0032320972038266706,0.00032320972038266707,0.9720525789473685,0.9732842105263156,full_20260807T045219Z_7eeb2a31,full,False,exp4_controlled_route_audit,module_a_route_alignment,primary,7915d9f10d3f70094c057f75655f791b44f9997c,0f87d5b27c36a5e6857bd889a8ee48a0b2b2e6abb10d8d08a7980998c1458db9,1b265647b85ce479a9571526f7d30430e6fe18afac75d069195d3368c75f2965,805a7fc583bb99acdf6f15864a33f0c96033d74e87dbf8fb4601ef6b19d69c2a,exp4_controlled_route_audit_v2,aggregate
proxy_label,0.7,0.1,100,0.02785366671211126,0.002063727518717137,0.0002063727518717137,0.02745252961625351,0.028243115360527864,0.006875789473684209,0.0015465309642706073,0.00015465309642706074,0.006570526315789474,0.0072044736842105245,0.011370573099415202,0.0008767518251133395,8.767518251133394e-05,0.011203341520467836,0.011546466666666668,0.972277894736842,0.003258971436018431,0.0003258971436018431,0.9716357894736842,0.9729053157894738,full_20260807T045219Z_7eeb2a31,full,False,exp4_controlled_route_audit,module_a_route_alignment,primary,7915d9f10d3f70094c057f75655f791b44f9997c,0f87d5b27c36a5e6857bd889a8ee48a0b2b2e6abb10d8d08a7980998c1458db9,1b265647b85ce479a9571526f7d30430e6fe18afac75d069195d3368c75f2965,805a7fc583bb99acdf6f15864a33f0c96033d74e87dbf8fb4601ef6b19d69c2a,exp4_controlled_route_audit_v2,aggregate
proxy_label,0.7,0.25,100,0.029139374268226704,0.0021210128174027967,0.00021210128174027967,0.028724772981186125,0.029564304522780895,0.007770526315789473,0.0016579815678129802,0.00016579815678129803,0.00745263157894737,0.00810742105263158,0.01285183625730994,0.0010189035611236263,0.00010189035611236264,0.012656459649122804,0.013051465497076023,0.9709515789473683,0.0033377095423280413,0.00033377095423280415,0.9702925789473683,0.9715853684210526,full_20260807T045219Z_7eeb2a31,full,False,exp4_controlled_route_audit,module_a_route_alignment,primary,7915d9f10d3f70094c057f75655f791b44f9997c,0f87d5b27c36a5e6857bd889a8ee48a0b2b2e6abb10d8d08a7980998c1458db9,1b265647b85ce479a9571526f7d30430e6fe18afac75d069195d3368c75f2965,805a7fc583bb99acdf6f15864a33f0c96033d74e87dbf8fb4601ef6b19d69c2a,exp4_controlled_route_audit_v2,aggregate
proxy_label,0.7,1.0,100,0.05322496660151959,0.0034146009615449303,0.00034146009615449303,0.052566612584932594,0.053886707169895076,0.019077894736842103,0.0022457695320963872,0.00022457695320963873,0.018646315789473684,0.01952421052631579,0.029111672514619883,0.002865630733078827,0.0002865630733078827,0.028555907602339177,0.02969602456140351,0.9508063157894736,0.0041042466605054305,0.00041042466605054306,0.9499744210526315,0.9516085263157894,full_20260807T045219Z_7eeb2a31,full,False,exp4_controlled_route_audit,module_a_route_alignment,primary,7915d9f10d3f70094c057f75655f791b44f9997c,0f87d5b27c36a5e6857bd889a8ee48a0b2b2e6abb10d8d08a7980998c1458db9,1b265647b85ce479a9571526f7d30430e6fe18afac75d069195d3368c75f2965,805a7fc583bb99acdf6f15864a33f0c96033d74e87dbf8fb4601ef6b19d69c2a,exp4_controlled_route_audit_v2,aggregate
proxy_label,1.0,0.0,100,0.0,0.0,0.0,0.0,0.0,0.0,0.0,0.0,0.0,0.0,0.0,0.0,0.0,0.0,0.0,1.0,0.0,0.0,1.0,1.0,full_20260807T045219Z_7eeb2a31,full,False,exp4_controlled_route_audit,module_a_route_alignment,primary,7915d9f10d3f70094c057f75655f791b44f9997c,0f87d5b27c36a5e6857bd889a8ee48a0b2b2e6abb10d8d08a7980998c1458db9,1b265647b85ce479a9571526f7d30430e6fe18afac75d069195d3368c75f2965,805a7fc583bb99acdf6f15864a33f0c96033d74e87dbf8fb4601ef6b19d69c2a,exp4_controlled_route_audit_v2,aggregate
proxy_label,1.0,0.1,100,0.0,0.0,0.0,0.0,0.0,0.0,0.0,0.0,0.0,0.0,0.0,0.0,0.0,0.0,0.0,1.0,0.0,0.0,1.0,1.0,full_20260807T045219Z_7eeb2a31,full,False,exp4_controlled_route_audit,module_a_route_alignment,primary,7915d9f10d3f70094c057f75655f791b44f9997c,0f87d5b27c36a5e6857bd889a8ee48a0b2b2e6abb10d8d08a7980998c1458db9,1b265647b85ce479a9571526f7d30430e6fe18afac75d069195d3368c75f2965,805a7fc583bb99acdf6f15864a33f0c96033d74e87dbf8fb4601ef6b19d69c2a,exp4_controlled_route_audit_v2,aggregate
proxy_label,1.0,0.25,100,0.0,0.0,0.0,0.0,0.0,0.0,0.0,0.0,0.0,0.0,0.0,0.0,0.0,0.0,0.0,1.0,0.0,0.0,1.0,1.0,full_20260807T045219Z_7eeb2a31,full,False,exp4_controlled_route_audit,module_a_route_alignment,primary,7915d9f10d3f70094c057f75655f791b44f9997c,0f87d5b27c36a5e6857bd889a8ee48a0b2b2e6abb10d8d08a7980998c1458db9,1b265647b85ce479a9571526f7d30430e6fe18afac75d069195d3368c75f2965,805a7fc583bb99acdf6f15864a33f0c96033d74e87dbf8fb4601ef6b19d69c2a,exp4_controlled_route_audit_v2,aggregate
proxy_label,1.0,1.0,100,0.0,0.0,0.0,0.0,0.0,0.0,0.0,0.0,0.0,0.0,0.0,0.0,0.0,0.0,0.0,1.0,0.0,0.0,1.0,1.0,full_20260807T045219Z_7eeb2a31,full,False,exp4_controlled_route_audit,module_a_route_alignment,primary,7915d9f10d3f70094c057f75655f791b44f9997c,0f87d5b27c36a5e6857bd889a8ee48a0b2b2e6abb10d8d08a7980998c1458db9,1b265647b85ce479a9571526f7d30430e6fe18afac75d069195d3368c75f2965,805a7fc583bb99acdf6f15864a33f0c96033d74e87dbf8fb4601ef6b19d69c2a,exp4_controlled_route_audit_v2,aggregate
proxy_label_smooth_robustness,0.0,0.25,100,0.0934331862293144,0.004317068575098127,0.00043170685750981274,0.09260644349883601,0.0942835934259551,0.021692631578947363,0.003615464946856337,0.0003615464946856337,0.02098921052631579,0.022410578947368424,0.02997562573099415,0.0012902403282760014,0.00012902403282760014,0.02974031461988304,0.030215053801169588,0.9019494736842105,0.007703252570874324,0.0007703252570874324,0.9004882105263157,0.903381105263158,full_20260807T045219Z_7eeb2a31,full,False,exp4_controlled_route_audit,module_a_route_alignment,primary,7915d9f10d3f70094c057f75655f791b44f9997c,0f87d5b27c36a5e6857bd889a8ee48a0b2b2e6abb10d8d08a7980998c1458db9,1b265647b85ce479a9571526f7d30430e6fe18afac75d069195d3368c75f2965,805a7fc583bb99acdf6f15864a33f0c96033d74e87dbf8fb4601ef6b19d69c2a,exp4_controlled_route_audit_v2,aggregate
proxy_label_smooth_robustness,0.3,0.25,100,0.07000868425858903,0.003485364354209298,0.0003485364354209298,0.06932579449282611,0.07070210693547618,0.01680421052631579,0.0028937756850006793,0.00028937756850006793,0.016265210526315788,0.01736642105263158,0.02398208187134503,0.0012631143229052623,0.00012631143229052623,0.023733035087719297,0.024229504093567254,0.9302589473684212,0.005722544259430559,0.0005722544259430559,0.9291661578947369,0.9313937894736841,full_20260807T045219Z_7eeb2a31,full,False,exp4_controlled_route_audit,module_a_route_alignment,primary,7915d9f10d3f70094c057f75655f791b44f9997c,0f87d5b27c36a5e6857bd889a8ee48a0b2b2e6abb10d8d08a7980998c1458db9,1b265647b85ce479a9571526f7d30430e6fe18afac75d069195d3368c75f2965,805a7fc583bb99acdf6f15864a33f0c96033d74e87dbf8fb4601ef6b19d69c2a,exp4_controlled_route_audit_v2,aggregate
proxy_label_smooth_robustness,0.7,0.25,100,0.03166493919885826,0.0022513029514946888,0.00022513029514946887,0.031207351454469425,0.0320841023313849,0.0064905263157894735,0.0014403630185572465,0.00014403630185572466,0.006197894736842105,0.006770578947368421,0.01280276023391813,0.0010268729670036844,0.00010268729670036844,0.012610934502923974,0.01301643859649123,0.972183157894737,0.0032392366328283704,0.000323923663282837,0.9715473157894736,0.972776842105263,full_20260807T045219Z_7eeb2a31,full,False,exp4_controlled_route_audit,module_a_route_alignment,primary,7915d9f10d3f70094c057f75655f791b44f9997c,0f87d5b27c36a5e6857bd889a8ee48a0b2b2e6abb10d8d08a7980998c1458db9,1b265647b85ce479a9571526f7d30430e6fe18afac75d069195d3368c75f2965,805a7fc583bb99acdf6f15864a33f0c96033d74e87dbf8fb4601ef6b19d69c2a,exp4_controlled_route_audit_v2,aggregate
proxy_label_smooth_robustness,1.0,0.25,100,0.0,0.0,0.0,0.0,0.0,0.0,0.0,0.0,0.0,0.0,0.0,0.0,0.0,0.0,0.0,1.0,0.0,0.0,1.0,1.0,full_20260807T045219Z_7eeb2a31,full,False,exp4_controlled_route_audit,module_a_route_alignment,primary,7915d9f10d3f70094c057f75655f791b44f9997c,0f87d5b27c36a5e6857bd889a8ee48a0b2b2e6abb10d8d08a7980998c1458db9,1b265647b85ce479a9571526f7d30430e6fe18afac75d069195d3368c75f2965,805a7fc583bb99acdf6f15864a33f0c96033d74e87dbf8fb4601ef6b19d69c2a,exp4_controlled_route_audit_v2,aggregate
source_bound,1.0,0.25,100,0.0,0.0,0.0,0.0,0.0,0.0,0.0,0.0,0.0,0.0,0.0,0.0,0.0,0.0,0.0,1.0,0.0,0.0,1.0,1.0,full_20260807T045219Z_7eeb2a31,full,False,exp4_controlled_route_audit,module_a_route_alignment,primary,7915d9f10d3f70094c057f75655f791b44f9997c,0f87d5b27c36a5e6857bd889a8ee48a0b2b2e6abb10d8d08a7980998c1458db9,1b265647b85ce479a9571526f7d30430e6fe18afac75d069195d3368c75f2965,805a7fc583bb99acdf6f15864a33f0c96033d74e87dbf8fb4601ef6b19d69c2a,exp4_controlled_route_audit_v2,aggregate
