mechanism_id,mechanism_display_name,route_id,route_display_name,metric_id,n_seeds,estimate,se,ci_lower,ci_upper,bootstrap_repetitions,ci_level,run_tier,paper_result,summary_component,feedback_binding_id,feedback_binding_display_name
zero_delay,Zero delay,arrival_assigned,Arrival-time assignment,generated_mean_delay,30,0.0,0.0,0.0,0.0,2000,0.95,paper,True,route,,
zero_delay,Zero delay,arrival_assigned,Arrival-time assignment,alignment_budget_rate,30,0.0,0.0,0.0,0.0,2000,0.95,paper,True,route,,
zero_delay,Zero delay,arrival_assigned,Arrival-time assignment,structural_regret_rate,30,0.0,0.0,0.0,0.0,2000,0.95,paper,True,route,,
zero_delay,Zero delay,arrival_assigned,Arrival-time assignment,route_regret_rate,30,0.0,0.0,0.0,0.0,2000,0.95,paper,True,route,,
zero_delay,Zero delay,arrival_assigned,Arrival-time assignment,transfer_bound_rate,30,0.0,0.0,0.0,0.0,2000,0.95,paper,True,route,,
zero_delay,Zero delay,arrival_assigned,Arrival-time assignment,transfer_slack_rate,30,0.0,0.0,0.0,0.0,2000,0.95,paper,True,route,,
zero_delay,Zero delay,arrival_assigned,Arrival-time assignment,regret_stability_slack_rate,30,0.0,0.0,0.0,0.0,2000,0.95,paper,True,route,,
zero_delay,Zero delay,arrival_assigned,Arrival-time assignment,ranking_reversal_rate,30,0.0,0.0,0.0,0.0,2000,0.95,paper,True,route,,
zero_delay,Zero delay,arrival_assigned,Arrival-time assignment,pairwise_sign_disagreement_rate,30,0.0,0.0,0.0,0.0,2000,0.95,paper,True,route,,
zero_delay,Zero delay,arrival_assigned,Arrival-time assignment,directed_choice_disagreement_rate,30,0.0,0.0,0.0,0.0,2000,0.95,paper,True,route,,
zero_delay,Zero delay,arrival_assigned,Arrival-time assignment,complete_conflict_rate,30,0.0,0.0,0.0,0.0,2000,0.95,paper,True,route,,
zero_delay,Zero delay,arrival_assigned,Arrival-time assignment,mean_structural_conflict_margin,0,,,,,2000,0.95,paper,True,route,,
zero_delay,Zero delay,arrival_assigned,Arrival-time assignment,min_structural_conflict_margin,0,,,,,2000,0.95,paper,True,route,,
zero_delay,Zero delay,arrival_assigned,Arrival-time assignment,mean_route_conflict_margin,0,,,,,2000,0.95,paper,True,route,,
zero_delay,Zero delay,arrival_assigned,Arrival-time assignment,min_route_conflict_margin,0,,,,,2000,0.95,paper,True,route,,
zero_delay,Zero delay,arrival_assigned,Arrival-time assignment,margin_preservation_rate,30,1.0,0.0,1.0,1.0,2000,0.95,paper,True,route,,
zero_delay,Zero delay,arrival_assigned,Arrival-time assignment,mean_reversal_margin,30,0.0,0.0,0.0,0.0,2000,0.95,paper,True,route,,
zero_delay,Zero delay,arrival_assigned,Arrival-time assignment,empty_arrival_clock_rate,30,0.0,0.0,0.0,0.0,2000,0.95,paper,True,route,,
zero_delay,Zero delay,arrival_assigned,Arrival-time assignment,multiarrival_clock_rate,30,0.0,0.0,0.0,0.0,2000,0.95,paper,True,route,,
zero_delay,Zero delay,arrival_assigned,Arrival-time assignment,mean_route_map_age,30,0.0,0.0,0.0,0.0,2000,0.95,paper,True,route,,
zero_delay,Zero delay,source_bound,Source-bound assignment,generated_mean_delay,30,0.0,0.0,0.0,0.0,2000,0.95,paper,True,route,,
zero_delay,Zero delay,source_bound,Source-bound assignment,alignment_budget_rate,30,0.0,0.0,0.0,0.0,2000,0.95,paper,True,route,,
zero_delay,Zero delay,source_bound,Source-bound assignment,structural_regret_rate,30,0.0,0.0,0.0,0.0,2000,0.95,paper,True,route,,
zero_delay,Zero delay,source_bound,Source-bound assignment,route_regret_rate,30,0.0,0.0,0.0,0.0,2000,0.95,paper,True,route,,
zero_delay,Zero delay,source_bound,Source-bound assignment,transfer_bound_rate,30,0.0,0.0,0.0,0.0,2000,0.95,paper,True,route,,
zero_delay,Zero delay,source_bound,Source-bound assignment,transfer_slack_rate,30,0.0,0.0,0.0,0.0,2000,0.95,paper,True,route,,
zero_delay,Zero delay,source_bound,Source-bound assignment,regret_stability_slack_rate,30,0.0,0.0,0.0,0.0,2000,0.95,paper,True,route,,
zero_delay,Zero delay,source_bound,Source-bound assignment,ranking_reversal_rate,30,0.0,0.0,0.0,0.0,2000,0.95,paper,True,route,,
zero_delay,Zero delay,source_bound,Source-bound assignment,pairwise_sign_disagreement_rate,30,0.0,0.0,0.0,0.0,2000,0.95,paper,True,route,,
zero_delay,Zero delay,source_bound,Source-bound assignment,directed_choice_disagreement_rate,30,0.0,0.0,0.0,0.0,2000,0.95,paper,True,route,,
zero_delay,Zero delay,source_bound,Source-bound assignment,complete_conflict_rate,30,0.0,0.0,0.0,0.0,2000,0.95,paper,True,route,,
zero_delay,Zero delay,source_bound,Source-bound assignment,mean_structural_conflict_margin,0,,,,,2000,0.95,paper,True,route,,
zero_delay,Zero delay,source_bound,Source-bound assignment,min_structural_conflict_margin,0,,,,,2000,0.95,paper,True,route,,
zero_delay,Zero delay,source_bound,Source-bound assignment,mean_route_conflict_margin,0,,,,,2000,0.95,paper,True,route,,
zero_delay,Zero delay,source_bound,Source-bound assignment,min_route_conflict_margin,0,,,,,2000,0.95,paper,True,route,,
zero_delay,Zero delay,source_bound,Source-bound assignment,margin_preservation_rate,30,1.0,0.0,1.0,1.0,2000,0.95,paper,True,route,,
zero_delay,Zero delay,source_bound,Source-bound assignment,mean_reversal_margin,30,0.0,0.0,0.0,0.0,2000,0.95,paper,True,route,,
zero_delay,Zero delay,source_bound,Source-bound assignment,empty_arrival_clock_rate,30,0.0,0.0,0.0,0.0,2000,0.95,paper,True,route,,
zero_delay,Zero delay,source_bound,Source-bound assignment,multiarrival_clock_rate,30,0.0,0.0,0.0,0.0,2000,0.95,paper,True,route,,
zero_delay,Zero delay,source_bound,Source-bound assignment,mean_route_map_age,30,0.0,0.0,0.0,0.0,2000,0.95,paper,True,route,,
exact_valid_shift,Exact-cardinal-valid shift,arrival_assigned,Arrival-time assignment,generated_mean_delay,30,14.970849673202611,0.0319935514176065,14.90722908496732,15.033072385620914,2000,0.95,paper,True,route,,
exact_valid_shift,Exact-cardinal-valid shift,arrival_assigned,Arrival-time assignment,alignment_budget_rate,30,5.550217114606385e-17,1.1158351929961586e-19,5.5288500557318384e-17,5.572219597269171e-17,2000,0.95,paper,True,route,,
exact_valid_shift,Exact-cardinal-valid shift,arrival_assigned,Arrival-time assignment,structural_regret_rate,30,0.0,0.0,0.0,0.0,2000,0.95,paper,True,route,,
exact_valid_shift,Exact-cardinal-valid shift,arrival_assigned,Arrival-time assignment,route_regret_rate,30,0.0,0.0,0.0,0.0,2000,0.95,paper,True,route,,
exact_valid_shift,Exact-cardinal-valid shift,arrival_assigned,Arrival-time assignment,transfer_bound_rate,30,5.550217114606385e-17,1.1158351929961586e-19,5.5291547562963845e-17,5.572551525764279e-17,2000,0.95,paper,True,route,,
exact_valid_shift,Exact-cardinal-valid shift,arrival_assigned,Arrival-time assignment,transfer_slack_rate,30,5.550217114606385e-17,1.1158351929961586e-19,5.529301694602816e-17,5.571423127897236e-17,2000,0.95,paper,True,route,,
exact_valid_shift,Exact-cardinal-valid shift,arrival_assigned,Arrival-time assignment,regret_stability_slack_rate,30,5.550217114606385e-17,1.1158351929961586e-19,5.529477132970354e-17,5.571619975643672e-17,2000,0.95,paper,True,route,,
exact_valid_shift,Exact-cardinal-valid shift,arrival_assigned,Arrival-time assignment,ranking_reversal_rate,30,0.0,0.0,0.0,0.0,2000,0.95,paper,True,route,,
exact_valid_shift,Exact-cardinal-valid shift,arrival_assigned,Arrival-time assignment,pairwise_sign_disagreement_rate,30,0.0,0.0,0.0,0.0,2000,0.95,paper,True,route,,
exact_valid_shift,Exact-cardinal-valid shift,arrival_assigned,Arrival-time assignment,directed_choice_disagreement_rate,30,0.0,0.0,0.0,0.0,2000,0.95,paper,True,route,,
exact_valid_shift,Exact-cardinal-valid shift,arrival_assigned,Arrival-time assignment,complete_conflict_rate,30,0.0,0.0,0.0,0.0,2000,0.95,paper,True,route,,
exact_valid_shift,Exact-cardinal-valid shift,arrival_assigned,Arrival-time assignment,mean_structural_conflict_margin,0,,,,,2000,0.95,paper,True,route,,
exact_valid_shift,Exact-cardinal-valid shift,arrival_assigned,Arrival-time assignment,min_structural_conflict_margin,0,,,,,2000,0.95,paper,True,route,,
exact_valid_shift,Exact-cardinal-valid shift,arrival_assigned,Arrival-time assignment,mean_route_conflict_margin,0,,,,,2000,0.95,paper,True,route,,
exact_valid_shift,Exact-cardinal-valid shift,arrival_assigned,Arrival-time assignment,min_route_conflict_margin,0,,,,,2000,0.95,paper,True,route,,
exact_valid_shift,Exact-cardinal-valid shift,arrival_assigned,Arrival-time assignment,margin_preservation_rate,30,1.0,0.0,1.0,1.0,2000,0.95,paper,True,route,,
exact_valid_shift,Exact-cardinal-valid shift,arrival_assigned,Arrival-time assignment,mean_reversal_margin,30,0.0,0.0,0.0,0.0,2000,0.95,paper,True,route,,
exact_valid_shift,Exact-cardinal-valid shift,arrival_assigned,Arrival-time assignment,empty_arrival_clock_rate,30,0.36318,0.000878784426902,0.3614666666666667,0.3648801666666667,2000,0.95,paper,True,route,,
exact_valid_shift,Exact-cardinal-valid shift,arrival_assigned,Arrival-time assignment,multiarrival_clock_rate,30,0.2640266666666667,0.0006688974172392,0.2627598333333332,0.2652933333333333,2000,0.95,paper,True,route,,
exact_valid_shift,Exact-cardinal-valid shift,arrival_assigned,Arrival-time assignment,mean_route_map_age,30,11.60404,0.0427574731251272,11.522717833333331,11.687183166666667,2000,0.95,paper,True,route,,
exact_valid_shift,Exact-cardinal-valid shift,source_bound,Source-bound assignment,generated_mean_delay,30,14.970849673202611,0.0319935514176065,14.9074477124183,15.030649019607845,2000,0.95,paper,True,route,,
exact_valid_shift,Exact-cardinal-valid shift,source_bound,Source-bound assignment,alignment_budget_rate,30,0.0,0.0,0.0,0.0,2000,0.95,paper,True,route,,
exact_valid_shift,Exact-cardinal-valid shift,source_bound,Source-bound assignment,structural_regret_rate,30,0.0,0.0,0.0,0.0,2000,0.95,paper,True,route,,
exact_valid_shift,Exact-cardinal-valid shift,source_bound,Source-bound assignment,route_regret_rate,30,0.0,0.0,0.0,0.0,2000,0.95,paper,True,route,,
exact_valid_shift,Exact-cardinal-valid shift,source_bound,Source-bound assignment,transfer_bound_rate,30,0.0,0.0,0.0,0.0,2000,0.95,paper,True,route,,
exact_valid_shift,Exact-cardinal-valid shift,source_bound,Source-bound assignment,transfer_slack_rate,30,0.0,0.0,0.0,0.0,2000,0.95,paper,True,route,,
exact_valid_shift,Exact-cardinal-valid shift,source_bound,Source-bound assignment,regret_stability_slack_rate,30,0.0,0.0,0.0,0.0,2000,0.95,paper,True,route,,
exact_valid_shift,Exact-cardinal-valid shift,source_bound,Source-bound assignment,ranking_reversal_rate,30,0.0,0.0,0.0,0.0,2000,0.95,paper,True,route,,
exact_valid_shift,Exact-cardinal-valid shift,source_bound,Source-bound assignment,pairwise_sign_disagreement_rate,30,0.0,0.0,0.0,0.0,2000,0.95,paper,True,route,,
exact_valid_shift,Exact-cardinal-valid shift,source_bound,Source-bound assignment,directed_choice_disagreement_rate,30,0.0,0.0,0.0,0.0,2000,0.95,paper,True,route,,
exact_valid_shift,Exact-cardinal-valid shift,source_bound,Source-bound assignment,complete_conflict_rate,30,0.0,0.0,0.0,0.0,2000,0.95,paper,True,route,,
exact_valid_shift,Exact-cardinal-valid shift,source_bound,Source-bound assignment,mean_structural_conflict_margin,0,,,,,2000,0.95,paper,True,route,,
exact_valid_shift,Exact-cardinal-valid shift,source_bound,Source-bound assignment,min_structural_conflict_margin,0,,,,,2000,0.95,paper,True,route,,
exact_valid_shift,Exact-cardinal-valid shift,source_bound,Source-bound assignment,mean_route_conflict_margin,0,,,,,2000,0.95,paper,True,route,,
exact_valid_shift,Exact-cardinal-valid shift,source_bound,Source-bound assignment,min_route_conflict_margin,0,,,,,2000,0.95,paper,True,route,,
exact_valid_shift,Exact-cardinal-valid shift,source_bound,Source-bound assignment,margin_preservation_rate,30,1.0,0.0,1.0,1.0,2000,0.95,paper,True,route,,
exact_valid_shift,Exact-cardinal-valid shift,source_bound,Source-bound assignment,mean_reversal_margin,30,0.0,0.0,0.0,0.0,2000,0.95,paper,True,route,,
exact_valid_shift,Exact-cardinal-valid shift,source_bound,Source-bound assignment,empty_arrival_clock_rate,30,0.0,0.0,0.0,0.0,2000,0.95,paper,True,route,,
exact_valid_shift,Exact-cardinal-valid shift,source_bound,Source-bound assignment,multiarrival_clock_rate,30,0.0,0.0,0.0,0.0,2000,0.95,paper,True,route,,
exact_valid_shift,Exact-cardinal-valid shift,source_bound,Source-bound assignment,mean_route_map_age,30,0.0,0.0,0.0,0.0,2000,0.95,paper,True,route,,
geometric_delay,Geometric delay,arrival_assigned,Arrival-time assignment,generated_mean_delay,30,14.970849673202611,0.0319935514176065,14.904618790849671,15.028969117647058,2000,0.95,paper,True,route,,
geometric_delay,Geometric delay,arrival_assigned,Arrival-time assignment,alignment_budget_rate,30,0.2587714326563771,0.0020737670199077,0.2549227961717554,0.2627063563627808,2000,0.95,paper,True,route,,
geometric_delay,Geometric delay,arrival_assigned,Arrival-time assignment,structural_regret_rate,30,0.032565150539402,0.0004687491552906,0.0316533415095442,0.0334015164199858,2000,0.95,paper,True,route,,
geometric_delay,Geometric delay,arrival_assigned,Arrival-time assignment,route_regret_rate,30,0.0,0.0,0.0,0.0,2000,0.95,paper,True,route,,
geometric_delay,Geometric delay,arrival_assigned,Arrival-time assignment,transfer_bound_rate,30,0.2587714326563771,0.0020737670199077,0.2546176392059762,0.2626253674241167,2000,0.95,paper,True,route,,
geometric_delay,Geometric delay,arrival_assigned,Arrival-time assignment,transfer_slack_rate,30,0.226206282116975,0.0016367818148551,0.2231320561420183,0.2293375100785231,2000,0.95,paper,True,route,,
geometric_delay,Geometric delay,arrival_assigned,Arrival-time assignment,regret_stability_slack_rate,30,0.226206282116975,0.0016367818148551,0.2230805488781852,0.2292459413867709,2000,0.95,paper,True,route,,
geometric_delay,Geometric delay,arrival_assigned,Arrival-time assignment,ranking_reversal_rate,30,0.6680466666666667,0.0033254115062385,0.6615111666666667,0.67436,2000,0.95,paper,True,route,,
geometric_delay,Geometric delay,arrival_assigned,Arrival-time assignment,pairwise_sign_disagreement_rate,30,0.1619645925925925,0.0016687012661957,0.1584851185185185,0.1652344888888888,2000,0.95,paper,True,route,,
geometric_delay,Geometric delay,arrival_assigned,Arrival-time assignment,directed_choice_disagreement_rate,30,0.6680466666666667,0.0033254115062385,0.6616628333333332,0.6743808333333333,2000,0.95,paper,True,route,,
geometric_delay,Geometric delay,arrival_assigned,Arrival-time assignment,complete_conflict_rate,30,0.6680466666666667,0.0033254115062385,0.6616729999999998,0.6744268333333334,2000,0.95,paper,True,route,,
geometric_delay,Geometric delay,arrival_assigned,Arrival-time assignment,mean_structural_conflict_margin,30,0.0487201391841141,0.0005964524773263,0.0475487190021709,0.0498973876175367,2000,0.95,paper,True,route,,
geometric_delay,Geometric delay,arrival_assigned,Arrival-time assignment,min_structural_conflict_margin,30,7.944401857501796e-06,1.133993505531933e-06,5.948780696140815e-06,1.0305167394364971e-05,2000,0.95,paper,True,route,,
geometric_delay,Geometric delay,arrival_assigned,Arrival-time assignment,mean_route_conflict_margin,30,0.006035305615276,1.364295756874883e-05,0.0060083576042532,0.0060601317222162,2000,0.95,paper,True,route,,
geometric_delay,Geometric delay,arrival_assigned,Arrival-time assignment,min_route_conflict_margin,30,6.616305978006936e-06,1.1757547359737743e-06,4.577872138482918e-06,9.029887658687434e-06,2000,0.95,paper,True,route,,
geometric_delay,Geometric delay,arrival_assigned,Arrival-time assignment,margin_preservation_rate,30,0.0460866666666666,0.000928758079847,0.0443666666666666,0.0478466666666666,2000,0.95,paper,True,route,,
geometric_delay,Geometric delay,arrival_assigned,Arrival-time assignment,mean_reversal_margin,30,0.0487201391841141,0.0005964524773263,0.047578319656888,0.0498775262624965,2000,0.95,paper,True,route,,
geometric_delay,Geometric delay,arrival_assigned,Arrival-time assignment,empty_arrival_clock_rate,30,0.36318,0.000878784426902,0.36144,0.3648468333333333,2000,0.95,paper,True,route,,
geometric_delay,Geometric delay,arrival_assigned,Arrival-time assignment,multiarrival_clock_rate,30,0.2640266666666667,0.0006688974172392,0.2627531666666666,0.2652735,2000,0.95,paper,True,route,,
geometric_delay,Geometric delay,arrival_assigned,Arrival-time assignment,mean_route_map_age,30,11.60404,0.0427574731251272,11.5220845,11.683603333333332,2000,0.95,paper,True,route,,
geometric_delay,Geometric delay,source_bound,Source-bound assignment,generated_mean_delay,30,14.970849673202611,0.0319935514176065,14.907159477124184,15.029636764705884,2000,0.95,paper,True,route,,
geometric_delay,Geometric delay,source_bound,Source-bound assignment,alignment_budget_rate,30,0.0,0.0,0.0,0.0,2000,0.95,paper,True,route,,
geometric_delay,Geometric delay,source_bound,Source-bound assignment,structural_regret_rate,30,0.0,0.0,0.0,0.0,2000,0.95,paper,True,route,,
geometric_delay,Geometric delay,source_bound,Source-bound assignment,route_regret_rate,30,0.0,0.0,0.0,0.0,2000,0.95,paper,True,route,,
geometric_delay,Geometric delay,source_bound,Source-bound assignment,transfer_bound_rate,30,0.0,0.0,0.0,0.0,2000,0.95,paper,True,route,,
geometric_delay,Geometric delay,source_bound,Source-bound assignment,transfer_slack_rate,30,0.0,0.0,0.0,0.0,2000,0.95,paper,True,route,,
geometric_delay,Geometric delay,source_bound,Source-bound assignment,regret_stability_slack_rate,30,0.0,0.0,0.0,0.0,2000,0.95,paper,True,route,,
geometric_delay,Geometric delay,source_bound,Source-bound assignment,ranking_reversal_rate,30,0.0,0.0,0.0,0.0,2000,0.95,paper,True,route,,
geometric_delay,Geometric delay,source_bound,Source-bound assignment,pairwise_sign_disagreement_rate,30,0.0,0.0,0.0,0.0,2000,0.95,paper,True,route,,
geometric_delay,Geometric delay,source_bound,Source-bound assignment,directed_choice_disagreement_rate,30,0.0,0.0,0.0,0.0,2000,0.95,paper,True,route,,
geometric_delay,Geometric delay,source_bound,Source-bound assignment,complete_conflict_rate,30,0.0,0.0,0.0,0.0,2000,0.95,paper,True,route,,
geometric_delay,Geometric delay,source_bound,Source-bound assignment,mean_structural_conflict_margin,0,,,,,2000,0.95,paper,True,route,,
geometric_delay,Geometric delay,source_bound,Source-bound assignment,min_structural_conflict_margin,0,,,,,2000,0.95,paper,True,route,,
geometric_delay,Geometric delay,source_bound,Source-bound assignment,mean_route_conflict_margin,0,,,,,2000,0.95,paper,True,route,,
geometric_delay,Geometric delay,source_bound,Source-bound assignment,min_route_conflict_margin,0,,,,,2000,0.95,paper,True,route,,
geometric_delay,Geometric delay,source_bound,Source-bound assignment,margin_preservation_rate,30,1.0,0.0,1.0,1.0,2000,0.95,paper,True,route,,
geometric_delay,Geometric delay,source_bound,Source-bound assignment,mean_reversal_margin,30,0.0,0.0,0.0,0.0,2000,0.95,paper,True,route,,
geometric_delay,Geometric delay,source_bound,Source-bound assignment,empty_arrival_clock_rate,30,0.0,0.0,0.0,0.0,2000,0.95,paper,True,route,,
geometric_delay,Geometric delay,source_bound,Source-bound assignment,multiarrival_clock_rate,30,0.0,0.0,0.0,0.0,2000,0.95,paper,True,route,,
geometric_delay,Geometric delay,source_bound,Source-bound assignment,mean_route_map_age,30,0.0,0.0,0.0,0.0,2000,0.95,paper,True,route,,
mixture_delay,Mixture delay,arrival_assigned,Arrival-time assignment,generated_mean_delay,30,14.97058823529412,0.0551040711425653,14.85621454248366,15.07498725490196,2000,0.95,paper,True,route,,
mixture_delay,Mixture delay,arrival_assigned,Arrival-time assignment,alignment_budget_rate,30,0.2191296534230705,0.0016782833508448,0.2157251878257576,0.2223268697656643,2000,0.95,paper,True,route,,
mixture_delay,Mixture delay,arrival_assigned,Arrival-time assignment,structural_regret_rate,30,0.0274087685471754,0.0003905834165118,0.0266349006553414,0.0281631831698483,2000,0.95,paper,True,route,,
mixture_delay,Mixture delay,arrival_assigned,Arrival-time assignment,route_regret_rate,30,0.0,0.0,0.0,0.0,2000,0.95,paper,True,route,,
mixture_delay,Mixture delay,arrival_assigned,Arrival-time assignment,transfer_bound_rate,30,0.2191296534230705,0.0016782833508448,0.2158187804672875,0.2222461719848148,2000,0.95,paper,True,route,,
mixture_delay,Mixture delay,arrival_assigned,Arrival-time assignment,transfer_slack_rate,30,0.191720884875895,0.0013260063074486,0.1889387101837677,0.1942277090753645,2000,0.95,paper,True,route,,
mixture_delay,Mixture delay,arrival_assigned,Arrival-time assignment,regret_stability_slack_rate,30,0.191720884875895,0.0013260063074486,0.1892458395871318,0.1941358802667198,2000,0.95,paper,True,route,,
mixture_delay,Mixture delay,arrival_assigned,Arrival-time assignment,ranking_reversal_rate,30,0.58616,0.0025806067182898,0.5809531666666666,0.5911211666666666,2000,0.95,paper,True,route,,
mixture_delay,Mixture delay,arrival_assigned,Arrival-time assignment,pairwise_sign_disagreement_rate,30,0.1371444444444444,0.0013681444086905,0.1343754444444444,0.1397075666666666,2000,0.95,paper,True,route,,
mixture_delay,Mixture delay,arrival_assigned,Arrival-time assignment,directed_choice_disagreement_rate,30,0.58616,0.0025806067182898,0.5812593333333336,0.5911801666666667,2000,0.95,paper,True,route,,
mixture_delay,Mixture delay,arrival_assigned,Arrival-time assignment,complete_conflict_rate,30,0.58616,0.0025806067182898,0.5811525,0.5911468333333333,2000,0.95,paper,True,route,,
mixture_delay,Mixture delay,arrival_assigned,Arrival-time assignment,mean_structural_conflict_margin,30,0.0467384808118979,0.0005841734669123,0.0456318335432171,0.0478051958151956,2000,0.95,paper,True,route,,
mixture_delay,Mixture delay,arrival_assigned,Arrival-time assignment,min_structural_conflict_margin,30,9.370475239271511e-06,1.4796792070988677e-06,6.524870517387401e-06,1.2398267598187032e-05,2000,0.95,paper,True,route,,
mixture_delay,Mixture delay,arrival_assigned,Arrival-time assignment,mean_route_conflict_margin,30,0.0059875182879474,2.2496959272847628e-05,0.0059426753765291,0.0060304671505537,2000,0.95,paper,True,route,,
mixture_delay,Mixture delay,arrival_assigned,Arrival-time assignment,min_route_conflict_margin,30,3.614382084017352e-06,5.694155390619772e-07,2.5461213279007078e-06,4.732514157111363e-06,2000,0.95,paper,True,route,,
mixture_delay,Mixture delay,arrival_assigned,Arrival-time assignment,margin_preservation_rate,30,0.1015733333333333,0.0010997066832896,0.0993931666666667,0.1036668333333333,2000,0.95,paper,True,route,,
mixture_delay,Mixture delay,arrival_assigned,Arrival-time assignment,mean_reversal_margin,30,0.0467384808118979,0.0005841734669123,0.0455721082114934,0.0478189746479176,2000,0.95,paper,True,route,,
mixture_delay,Mixture delay,arrival_assigned,Arrival-time assignment,empty_arrival_clock_rate,30,0.3552133333333334,0.0006809009132317,0.3538464999999999,0.3565866666666666,2000,0.95,paper,True,route,,
mixture_delay,Mixture delay,arrival_assigned,Arrival-time assignment,multiarrival_clock_rate,30,0.26322,0.0006098313314954,0.2620133333333333,0.2643733333333333,2000,0.95,paper,True,route,,
mixture_delay,Mixture delay,arrival_assigned,Arrival-time assignment,mean_route_map_age,30,10.16436,0.0687690383419948,10.038045833333332,10.300358666666666,2000,0.95,paper,True,route,,
mixture_delay,Mixture delay,source_bound,Source-bound assignment,generated_mean_delay,30,14.97058823529412,0.0551040711425653,14.861757189542486,15.070975163398693,2000,0.95,paper,True,route,,
mixture_delay,Mixture delay,source_bound,Source-bound assignment,alignment_budget_rate,30,0.0,0.0,0.0,0.0,2000,0.95,paper,True,route,,
mixture_delay,Mixture delay,source_bound,Source-bound assignment,structural_regret_rate,30,0.0,0.0,0.0,0.0,2000,0.95,paper,True,route,,
mixture_delay,Mixture delay,source_bound,Source-bound assignment,route_regret_rate,30,0.0,0.0,0.0,0.0,2000,0.95,paper,True,route,,
mixture_delay,Mixture delay,source_bound,Source-bound assignment,transfer_bound_rate,30,0.0,0.0,0.0,0.0,2000,0.95,paper,True,route,,
mixture_delay,Mixture delay,source_bound,Source-bound assignment,transfer_slack_rate,30,0.0,0.0,0.0,0.0,2000,0.95,paper,True,route,,
mixture_delay,Mixture delay,source_bound,Source-bound assignment,regret_stability_slack_rate,30,0.0,0.0,0.0,0.0,2000,0.95,paper,True,route,,
mixture_delay,Mixture delay,source_bound,Source-bound assignment,ranking_reversal_rate,30,0.0,0.0,0.0,0.0,2000,0.95,paper,True,route,,
mixture_delay,Mixture delay,source_bound,Source-bound assignment,pairwise_sign_disagreement_rate,30,0.0,0.0,0.0,0.0,2000,0.95,paper,True,route,,
mixture_delay,Mixture delay,source_bound,Source-bound assignment,directed_choice_disagreement_rate,30,0.0,0.0,0.0,0.0,2000,0.95,paper,True,route,,
mixture_delay,Mixture delay,source_bound,Source-bound assignment,complete_conflict_rate,30,0.0,0.0,0.0,0.0,2000,0.95,paper,True,route,,
mixture_delay,Mixture delay,source_bound,Source-bound assignment,mean_structural_conflict_margin,0,,,,,2000,0.95,paper,True,route,,
mixture_delay,Mixture delay,source_bound,Source-bound assignment,min_structural_conflict_margin,0,,,,,2000,0.95,paper,True,route,,
mixture_delay,Mixture delay,source_bound,Source-bound assignment,mean_route_conflict_margin,0,,,,,2000,0.95,paper,True,route,,
mixture_delay,Mixture delay,source_bound,Source-bound assignment,min_route_conflict_margin,0,,,,,2000,0.95,paper,True,route,,
mixture_delay,Mixture delay,source_bound,Source-bound assignment,margin_preservation_rate,30,1.0,0.0,1.0,1.0,2000,0.95,paper,True,route,,
mixture_delay,Mixture delay,source_bound,Source-bound assignment,mean_reversal_margin,30,0.0,0.0,0.0,0.0,2000,0.95,paper,True,route,,
mixture_delay,Mixture delay,source_bound,Source-bound assignment,empty_arrival_clock_rate,30,0.0,0.0,0.0,0.0,2000,0.95,paper,True,route,,
mixture_delay,Mixture delay,source_bound,Source-bound assignment,multiarrival_clock_rate,30,0.0,0.0,0.0,0.0,2000,0.95,paper,True,route,,
mixture_delay,Mixture delay,source_bound,Source-bound assignment,mean_route_map_age,30,0.0,0.0,0.0,0.0,2000,0.95,paper,True,route,,
state_coupled_delay,State-coupled delay,arrival_assigned,Arrival-time assignment,generated_mean_delay,30,14.902045751633986,0.1889242876251344,14.538344281045749,15.284206699346404,2000,0.95,paper,True,route,,
state_coupled_delay,State-coupled delay,arrival_assigned,Arrival-time assignment,alignment_budget_rate,30,0.2480882327850295,0.0023043586109974,0.2436658699178359,0.2523038978665366,2000,0.95,paper,True,route,,
state_coupled_delay,State-coupled delay,arrival_assigned,Arrival-time assignment,structural_regret_rate,30,0.030269411935068,0.0004751468018375,0.029357573632411,0.0311212537470597,2000,0.95,paper,True,route,,
state_coupled_delay,State-coupled delay,arrival_assigned,Arrival-time assignment,route_regret_rate,30,0.0,0.0,0.0,0.0,2000,0.95,paper,True,route,,
state_coupled_delay,State-coupled delay,arrival_assigned,Arrival-time assignment,transfer_bound_rate,30,0.2480882327850295,0.0023043586109974,0.2435138469555725,0.2526679917202581,2000,0.95,paper,True,route,,
state_coupled_delay,State-coupled delay,arrival_assigned,Arrival-time assignment,transfer_slack_rate,30,0.2178188208499615,0.001856919098748,0.2143999018528677,0.2215581889340388,2000,0.95,paper,True,route,,
state_coupled_delay,State-coupled delay,arrival_assigned,Arrival-time assignment,regret_stability_slack_rate,30,0.2178188208499615,0.001856919098748,0.2142634649328313,0.221568271617883,2000,0.95,paper,True,route,,
state_coupled_delay,State-coupled delay,arrival_assigned,Arrival-time assignment,ranking_reversal_rate,30,0.6517533333333333,0.0037433611220962,0.6442574999999998,0.6586135000000001,2000,0.95,paper,True,route,,
state_coupled_delay,State-coupled delay,arrival_assigned,Arrival-time assignment,pairwise_sign_disagreement_rate,30,0.1553748148148148,0.0017473917795713,0.1520403259259259,0.1587155407407407,2000,0.95,paper,True,route,,
state_coupled_delay,State-coupled delay,arrival_assigned,Arrival-time assignment,directed_choice_disagreement_rate,30,0.6517533333333333,0.0037433611220962,0.6442665,0.6588468333333334,2000,0.95,paper,True,route,,
state_coupled_delay,State-coupled delay,arrival_assigned,Arrival-time assignment,complete_conflict_rate,30,0.6517533333333333,0.0037433611220962,0.6445000000000001,0.6589200000000001,2000,0.95,paper,True,route,,
state_coupled_delay,State-coupled delay,arrival_assigned,Arrival-time assignment,mean_structural_conflict_margin,30,0.0463979378369429,0.0005699075979052,0.0452276663660364,0.047516877567082,2000,0.95,paper,True,route,,
state_coupled_delay,State-coupled delay,arrival_assigned,Arrival-time assignment,min_structural_conflict_margin,30,9.408112358738792e-06,1.3902771049769195e-06,6.7851416270133255e-06,1.2149652748038576e-05,2000,0.95,paper,True,route,,
state_coupled_delay,State-coupled delay,arrival_assigned,Arrival-time assignment,mean_route_conflict_margin,30,0.0060433063578659,1.7761704918541658e-05,0.0060097418275246,0.0060770401705736,2000,0.95,paper,True,route,,
state_coupled_delay,State-coupled delay,arrival_assigned,Arrival-time assignment,min_route_conflict_margin,30,5.5097156813334646e-06,1.0727045968122083e-06,3.7067610437519497e-06,7.934501646667698e-06,2000,0.95,paper,True,route,,
state_coupled_delay,State-coupled delay,arrival_assigned,Arrival-time assignment,margin_preservation_rate,30,0.0530533333333333,0.0012599920938753,0.0507398333333333,0.0556068333333333,2000,0.95,paper,True,route,,
state_coupled_delay,State-coupled delay,arrival_assigned,Arrival-time assignment,mean_reversal_margin,30,0.0463979378369429,0.0005699075979052,0.0452981524179461,0.0475684835329878,2000,0.95,paper,True,route,,
state_coupled_delay,State-coupled delay,arrival_assigned,Arrival-time assignment,empty_arrival_clock_rate,30,0.36518,0.0008690515374318,0.3633133333333333,0.3668201666666667,2000,0.95,paper,True,route,,
state_coupled_delay,State-coupled delay,arrival_assigned,Arrival-time assignment,multiarrival_clock_rate,30,0.2651266666666666,0.0007462693934919,0.2636996666666666,0.2664735000000001,2000,0.95,paper,True,route,,
state_coupled_delay,State-coupled delay,arrival_assigned,Arrival-time assignment,mean_route_map_age,30,11.419346666666668,0.1582803701666022,11.1186815,11.718071333333334,2000,0.95,paper,True,route,,
state_coupled_delay,State-coupled delay,source_bound,Source-bound assignment,generated_mean_delay,30,14.902045751633986,0.1889242876251344,14.55072843137255,15.25581683006536,2000,0.95,paper,True,route,,
state_coupled_delay,State-coupled delay,source_bound,Source-bound assignment,alignment_budget_rate,30,0.0,0.0,0.0,0.0,2000,0.95,paper,True,route,,
state_coupled_delay,State-coupled delay,source_bound,Source-bound assignment,structural_regret_rate,30,0.0,0.0,0.0,0.0,2000,0.95,paper,True,route,,
state_coupled_delay,State-coupled delay,source_bound,Source-bound assignment,route_regret_rate,30,0.0,0.0,0.0,0.0,2000,0.95,paper,True,route,,
state_coupled_delay,State-coupled delay,source_bound,Source-bound assignment,transfer_bound_rate,30,0.0,0.0,0.0,0.0,2000,0.95,paper,True,route,,
state_coupled_delay,State-coupled delay,source_bound,Source-bound assignment,transfer_slack_rate,30,0.0,0.0,0.0,0.0,2000,0.95,paper,True,route,,
state_coupled_delay,State-coupled delay,source_bound,Source-bound assignment,regret_stability_slack_rate,30,0.0,0.0,0.0,0.0,2000,0.95,paper,True,route,,
state_coupled_delay,State-coupled delay,source_bound,Source-bound assignment,ranking_reversal_rate,30,0.0,0.0,0.0,0.0,2000,0.95,paper,True,route,,
state_coupled_delay,State-coupled delay,source_bound,Source-bound assignment,pairwise_sign_disagreement_rate,30,0.0,0.0,0.0,0.0,2000,0.95,paper,True,route,,
state_coupled_delay,State-coupled delay,source_bound,Source-bound assignment,directed_choice_disagreement_rate,30,0.0,0.0,0.0,0.0,2000,0.95,paper,True,route,,
state_coupled_delay,State-coupled delay,source_bound,Source-bound assignment,complete_conflict_rate,30,0.0,0.0,0.0,0.0,2000,0.95,paper,True,route,,
state_coupled_delay,State-coupled delay,source_bound,Source-bound assignment,mean_structural_conflict_margin,0,,,,,2000,0.95,paper,True,route,,
state_coupled_delay,State-coupled delay,source_bound,Source-bound assignment,min_structural_conflict_margin,0,,,,,2000,0.95,paper,True,route,,
state_coupled_delay,State-coupled delay,source_bound,Source-bound assignment,mean_route_conflict_margin,0,,,,,2000,0.95,paper,True,route,,
state_coupled_delay,State-coupled delay,source_bound,Source-bound assignment,min_route_conflict_margin,0,,,,,2000,0.95,paper,True,route,,
state_coupled_delay,State-coupled delay,source_bound,Source-bound assignment,margin_preservation_rate,30,1.0,0.0,1.0,1.0,2000,0.95,paper,True,route,,
state_coupled_delay,State-coupled delay,source_bound,Source-bound assignment,mean_reversal_margin,30,0.0,0.0,0.0,0.0,2000,0.95,paper,True,route,,
state_coupled_delay,State-coupled delay,source_bound,Source-bound assignment,empty_arrival_clock_rate,30,0.0,0.0,0.0,0.0,2000,0.95,paper,True,route,,
state_coupled_delay,State-coupled delay,source_bound,Source-bound assignment,multiarrival_clock_rate,30,0.0,0.0,0.0,0.0,2000,0.95,paper,True,route,,
state_coupled_delay,State-coupled delay,source_bound,Source-bound assignment,mean_route_map_age,30,0.0,0.0,0.0,0.0,2000,0.95,paper,True,route,,
systematic_misbinding,Systematic misbinding,arrival_assigned,Arrival-time assignment,generated_mean_delay,30,15.0,0.0,15.0,15.0,2000,0.95,paper,True,route,,
systematic_misbinding,Systematic misbinding,arrival_assigned,Arrival-time assignment,alignment_budget_rate,30,0.5555703703703704,0.0001360027935394,0.5553111111111111,0.5558296296296296,2000,0.95,paper,True,route,,
systematic_misbinding,Systematic misbinding,arrival_assigned,Arrival-time assignment,structural_regret_rate,30,0.1543251028806584,3.777855376095099e-05,0.1542489711934156,0.154395061728395,2000,0.95,paper,True,route,,
systematic_misbinding,Systematic misbinding,arrival_assigned,Arrival-time assignment,route_regret_rate,30,0.0,0.0,0.0,0.0,2000,0.95,paper,True,route,,
systematic_misbinding,Systematic misbinding,arrival_assigned,Arrival-time assignment,transfer_bound_rate,30,0.5555703703703704,0.0001360027935394,0.5553037037037036,0.5558222222222221,2000,0.95,paper,True,route,,
systematic_misbinding,Systematic misbinding,arrival_assigned,Arrival-time assignment,transfer_slack_rate,30,0.4012452674897118,9.82242397784738e-05,0.4010578909465019,0.401427160493827,2000,0.95,paper,True,route,,
systematic_misbinding,Systematic misbinding,arrival_assigned,Arrival-time assignment,regret_stability_slack_rate,30,0.4012452674897118,9.82242397784738e-05,0.4010525411522632,0.4014326440329218,2000,0.95,paper,True,route,,
systematic_misbinding,Systematic misbinding,arrival_assigned,Arrival-time assignment,ranking_reversal_rate,30,0.5000133333333333,0.0001224025141854,0.4997798333333332,0.5002533333333333,2000,0.95,paper,True,route,,
systematic_misbinding,Systematic misbinding,arrival_assigned,Arrival-time assignment,pairwise_sign_disagreement_rate,30,0.4111220740740741,0.0001006420672191,0.4109300851851851,0.4113139259259259,2000,0.95,paper,True,route,,
systematic_misbinding,Systematic misbinding,arrival_assigned,Arrival-time assignment,directed_choice_disagreement_rate,30,0.5000133333333333,0.0001224025141854,0.49978,0.5002466666666666,2000,0.95,paper,True,route,,
systematic_misbinding,Systematic misbinding,arrival_assigned,Arrival-time assignment,complete_conflict_rate,30,0.5000133333333333,0.0001224025141854,0.49978,0.50024,2000,0.95,paper,True,route,,
systematic_misbinding,Systematic misbinding,arrival_assigned,Arrival-time assignment,mean_structural_conflict_margin,30,0.3086419753086421,2.145815035340027e-17,0.308641975308642,0.3086419753086421,2000,0.95,paper,True,route,,
systematic_misbinding,Systematic misbinding,arrival_assigned,Arrival-time assignment,min_structural_conflict_margin,30,0.3086419753086419,1.0308162000485893e-17,0.3086419753086419,0.3086419753086419,2000,0.95,paper,True,route,,
systematic_misbinding,Systematic misbinding,arrival_assigned,Arrival-time assignment,mean_route_conflict_margin,30,0.0123456790123456,3.2213006251518414e-19,0.0123456790123456,0.0123456790123456,2000,0.95,paper,True,route,,
systematic_misbinding,Systematic misbinding,arrival_assigned,Arrival-time assignment,min_route_conflict_margin,30,0.0123456790123456,6.442601250303683e-19,0.0123456790123456,0.0123456790123456,2000,0.95,paper,True,route,,
systematic_misbinding,Systematic misbinding,arrival_assigned,Arrival-time assignment,margin_preservation_rate,30,0.4999866666666666,0.0001224025141854,0.4997533333333333,0.5002133333333333,2000,0.95,paper,True,route,,
systematic_misbinding,Systematic misbinding,arrival_assigned,Arrival-time assignment,mean_reversal_margin,30,0.3086419753086421,2.145815035340027e-17,0.308641975308642,0.3086419753086421,2000,0.95,paper,True,route,,
systematic_misbinding,Systematic misbinding,arrival_assigned,Arrival-time assignment,empty_arrival_clock_rate,30,0.0,0.0,0.0,0.0,2000,0.95,paper,True,route,,
systematic_misbinding,Systematic misbinding,arrival_assigned,Arrival-time assignment,multiarrival_clock_rate,30,0.0,0.0,0.0,0.0,2000,0.95,paper,True,route,,
systematic_misbinding,Systematic misbinding,arrival_assigned,Arrival-time assignment,mean_route_map_age,30,15.0,0.0,15.0,15.0,2000,0.95,paper,True,route,,
systematic_misbinding,Systematic misbinding,source_bound,Source-bound assignment,generated_mean_delay,30,15.0,0.0,15.0,15.0,2000,0.95,paper,True,route,,
systematic_misbinding,Systematic misbinding,source_bound,Source-bound assignment,alignment_budget_rate,30,0.0,0.0,0.0,0.0,2000,0.95,paper,True,route,,
systematic_misbinding,Systematic misbinding,source_bound,Source-bound assignment,structural_regret_rate,30,0.0,0.0,0.0,0.0,2000,0.95,paper,True,route,,
systematic_misbinding,Systematic misbinding,source_bound,Source-bound assignment,route_regret_rate,30,0.0,0.0,0.0,0.0,2000,0.95,paper,True,route,,
systematic_misbinding,Systematic misbinding,source_bound,Source-bound assignment,transfer_bound_rate,30,0.0,0.0,0.0,0.0,2000,0.95,paper,True,route,,
systematic_misbinding,Systematic misbinding,source_bound,Source-bound assignment,transfer_slack_rate,30,0.0,0.0,0.0,0.0,2000,0.95,paper,True,route,,
systematic_misbinding,Systematic misbinding,source_bound,Source-bound assignment,regret_stability_slack_rate,30,0.0,0.0,0.0,0.0,2000,0.95,paper,True,route,,
systematic_misbinding,Systematic misbinding,source_bound,Source-bound assignment,ranking_reversal_rate,30,0.0,0.0,0.0,0.0,2000,0.95,paper,True,route,,
systematic_misbinding,Systematic misbinding,source_bound,Source-bound assignment,pairwise_sign_disagreement_rate,30,0.0,0.0,0.0,0.0,2000,0.95,paper,True,route,,
systematic_misbinding,Systematic misbinding,source_bound,Source-bound assignment,directed_choice_disagreement_rate,30,0.0,0.0,0.0,0.0,2000,0.95,paper,True,route,,
systematic_misbinding,Systematic misbinding,source_bound,Source-bound assignment,complete_conflict_rate,30,0.0,0.0,0.0,0.0,2000,0.95,paper,True,route,,
systematic_misbinding,Systematic misbinding,source_bound,Source-bound assignment,mean_structural_conflict_margin,0,,,,,2000,0.95,paper,True,route,,
systematic_misbinding,Systematic misbinding,source_bound,Source-bound assignment,min_structural_conflict_margin,0,,,,,2000,0.95,paper,True,route,,
systematic_misbinding,Systematic misbinding,source_bound,Source-bound assignment,mean_route_conflict_margin,0,,,,,2000,0.95,paper,True,route,,
systematic_misbinding,Systematic misbinding,source_bound,Source-bound assignment,min_route_conflict_margin,0,,,,,2000,0.95,paper,True,route,,
systematic_misbinding,Systematic misbinding,source_bound,Source-bound assignment,margin_preservation_rate,30,1.0,0.0,1.0,1.0,2000,0.95,paper,True,route,,
systematic_misbinding,Systematic misbinding,source_bound,Source-bound assignment,mean_reversal_margin,30,0.0,0.0,0.0,0.0,2000,0.95,paper,True,route,,
systematic_misbinding,Systematic misbinding,source_bound,Source-bound assignment,empty_arrival_clock_rate,30,0.0,0.0,0.0,0.0,2000,0.95,paper,True,route,,
systematic_misbinding,Systematic misbinding,source_bound,Source-bound assignment,multiarrival_clock_rate,30,0.0,0.0,0.0,0.0,2000,0.95,paper,True,route,,
systematic_misbinding,Systematic misbinding,source_bound,Source-bound assignment,mean_route_map_age,30,0.0,0.0,0.0,0.0,2000,0.95,paper,True,route,,
zero_delay,Zero delay,,,structural_regret_rate,30,0.1128961344263348,0.0003197841216383,0.1123011636851251,0.1134929337931929,2000,0.95,paper,True,learner,arrival_clock,Arrival-clock binding
zero_delay,Zero delay,,,context_constrained_regret_rate,30,0.0983372786618008,0.0003361116849287,0.097686754115815,0.0989943698422759,2000,0.95,paper,True,learner,arrival_clock,Arrival-clock binding
zero_delay,Zero delay,,,structural_regret_rate,30,0.1128961344263348,0.0003197841216383,0.1122714506325005,0.1135052120840204,2000,0.95,paper,True,learner,source_round,Source-round binding
zero_delay,Zero delay,,,context_constrained_regret_rate,30,0.0983372786618008,0.0003361116849287,0.0977072149126514,0.0989668396332814,2000,0.95,paper,True,learner,source_round,Source-round binding
exact_valid_shift,Exact-cardinal-valid shift,,,structural_regret_rate,30,0.1983179199999999,0.0007079707087648,0.1968407519999999,0.1996782959999999,2000,0.95,paper,True,learner,arrival_clock,Arrival-clock binding
exact_valid_shift,Exact-cardinal-valid shift,,,context_constrained_regret_rate,30,0.0878439999999999,0.0021206122972647,0.083828156,0.0918754079999999,2000,0.95,paper,True,learner,arrival_clock,Arrival-clock binding
exact_valid_shift,Exact-cardinal-valid shift,,,structural_regret_rate,30,0.13082288,0.0002590520838058,0.1303489319999999,0.131373164,2000,0.95,paper,True,learner,source_round,Source-round binding
exact_valid_shift,Exact-cardinal-valid shift,,,context_constrained_regret_rate,30,0.02034896,0.0018220429934592,0.016876264,0.0237596599999999,2000,0.95,paper,True,learner,source_round,Source-round binding
geometric_delay,Geometric delay,,,structural_regret_rate,30,0.1681658529961595,0.0010037127688585,0.1662847102190587,0.1700214146542534,2000,0.95,paper,True,learner,arrival_clock,Arrival-clock binding
geometric_delay,Geometric delay,,,context_constrained_regret_rate,30,0.1536069972316255,0.001038621654834,0.1516347291608356,0.1555706818861694,2000,0.95,paper,True,learner,arrival_clock,Arrival-clock binding
geometric_delay,Geometric delay,,,structural_regret_rate,30,0.1137261560013622,0.0003266584372667,0.1131115333422739,0.1143686861032218,2000,0.95,paper,True,learner,source_round,Source-round binding
geometric_delay,Geometric delay,,,context_constrained_regret_rate,30,0.0991673002368282,0.0003466427629741,0.0984749473167396,0.0998227448638669,2000,0.95,paper,True,learner,source_round,Source-round binding
mixture_delay,Mixture delay,,,structural_regret_rate,30,0.1573205503792844,0.0007933470196862,0.1558475169703953,0.1588657811512377,2000,0.95,paper,True,learner,arrival_clock,Arrival-clock binding
mixture_delay,Mixture delay,,,context_constrained_regret_rate,30,0.1427616946147504,0.0008232382232972,0.1412649138209096,0.144375432375913,2000,0.95,paper,True,learner,arrival_clock,Arrival-clock binding
mixture_delay,Mixture delay,,,structural_regret_rate,30,0.1136528613322411,0.0003257563696748,0.1130227272647566,0.1142489677981056,2000,0.95,paper,True,learner,source_round,Source-round binding
mixture_delay,Mixture delay,,,context_constrained_regret_rate,30,0.0990940055677071,0.0003453891983698,0.0984212603131491,0.0997550250426169,2000,0.95,paper,True,learner,source_round,Source-round binding
state_coupled_delay,State-coupled delay,,,structural_regret_rate,30,0.1653264348077031,0.0011001984673942,0.1631857018214438,0.1674824916856372,2000,0.95,paper,True,learner,arrival_clock,Arrival-clock binding
state_coupled_delay,State-coupled delay,,,context_constrained_regret_rate,30,0.1507675790431691,0.0011264790875672,0.1485804637310804,0.1529116902616848,2000,0.95,paper,True,learner,arrival_clock,Arrival-clock binding
state_coupled_delay,State-coupled delay,,,structural_regret_rate,30,0.1137230765725029,0.0003252434897987,0.1131346615089597,0.1143063980382236,2000,0.95,paper,True,learner,source_round,Source-round binding
state_coupled_delay,State-coupled delay,,,context_constrained_regret_rate,30,0.099164220807969,0.000345484609909,0.0984774395808265,0.0998348452843884,2000,0.95,paper,True,learner,source_round,Source-round binding
systematic_misbinding,Systematic misbinding,,,structural_regret_rate,30,0.1784710288065843,0.0006213467511389,0.1772179053497942,0.1796444506172839,2000,0.95,paper,True,learner,arrival_clock,Arrival-clock binding
systematic_misbinding,Systematic misbinding,,,context_constrained_regret_rate,30,0.1597921810699588,0.0006434676314305,0.1585673148148148,0.161028818930041,2000,0.95,paper,True,learner,arrival_clock,Arrival-clock binding
systematic_misbinding,Systematic misbinding,,,structural_regret_rate,30,0.1070820576131687,0.0002778046672467,0.1065167407407407,0.1076132716049382,2000,0.95,paper,True,learner,source_round,Source-round binding
systematic_misbinding,Systematic misbinding,,,context_constrained_regret_rate,30,0.0884032098765432,0.0002643740208271,0.0878505308641975,0.0888948230452675,2000,0.95,paper,True,learner,source_round,Source-round binding
exact_valid_shift,Exact-cardinal-valid shift,,,arrival_minus_source_regret_rate,30,0.06749504,0.0006893566505583,0.066203312,0.0688731239999999,2000,0.95,paper,True,paired_contrast,,
geometric_delay,Geometric delay,,,arrival_minus_source_regret_rate,30,0.0544396969947972,0.0009099556034461,0.0527156886768948,0.0562251062260916,2000,0.95,paper,True,paired_contrast,,
mixture_delay,Mixture delay,,,arrival_minus_source_regret_rate,30,0.0436676890470432,0.000618131934212,0.0425063025784628,0.0448419154064721,2000,0.95,paper,True,paired_contrast,,
state_coupled_delay,State-coupled delay,,,arrival_minus_source_regret_rate,30,0.0516033582352001,0.0009358822728586,0.049811923229285,0.0533845024249466,2000,0.95,paper,True,paired_contrast,,
systematic_misbinding,Systematic misbinding,,,arrival_minus_source_regret_rate,30,0.0713889711934156,0.0006160476193836,0.0701656604938271,0.0726065514403292,2000,0.95,paper,True,paired_contrast,,
zero_delay,Zero delay,,,arrival_minus_source_regret_rate,30,0.0,0.0,0.0,0.0,2000,0.95,paper,True,paired_contrast,,
