route_id,calibration_decile,mean_predicted_target,mean_observed_target,mean_observed_target_resampling_median,mean_observed_target_sensitivity_lower,mean_observed_target_sensitivity_upper,resampling_range_method,uncertainty_role,formal_ci_validated,valid_action_cell_count,valid_resampling_count,run_id,run_tier,paper_result,analysis_tier,experiment_id,config_hash,input_manifest_hash,code_version_type,code_version,figure_run_id,figure_run_tier,figure_paper_result,figure_analysis_tier,figure_experiment_id,figure_config_hash,figure_input_manifest_hash,figure_code_version_type,figure_code_version
history_mean_control,1,2.712419108566213,2.794097416235415,2.79222796524365,2.6987275573158547,2.8841614511192466,percentile_user_cluster_sensitivity,sensitivity_only,False,158,1000,exp3-full-20260807T072340Z,full,False,primary,exp3,2eebb3dfafa708ac36ff5b5fb2d215b77f5189e37ae94ea9afe8470831770580,e0c1288a22ea2cf3abde9f2c0887f795fe4c2e7d6f705d077ac9a8a819518e6d,source_tree_sha256,030d6bb049591fda35c4e54df090bbc50eb1e12d8482c28cc71dffec7cef6fa0,exp3-full-20260807T072340Z,full,True,appendix,exp3,2eebb3dfafa708ac36ff5b5fb2d215b77f5189e37ae94ea9afe8470831770580,e0c1288a22ea2cf3abde9f2c0887f795fe4c2e7d6f705d077ac9a8a819518e6d,source_tree_sha256,030d6bb049591fda35c4e54df090bbc50eb1e12d8482c28cc71dffec7cef6fa0
history_mean_control,2,2.808715763497135,2.89904995246553,2.8987103149128286,2.828516734378248,2.973133915139482,percentile_user_cluster_sensitivity,sensitivity_only,False,157,1000,exp3-full-20260807T072340Z,full,False,primary,exp3,2eebb3dfafa708ac36ff5b5fb2d215b77f5189e37ae94ea9afe8470831770580,e0c1288a22ea2cf3abde9f2c0887f795fe4c2e7d6f705d077ac9a8a819518e6d,source_tree_sha256,030d6bb049591fda35c4e54df090bbc50eb1e12d8482c28cc71dffec7cef6fa0,exp3-full-20260807T072340Z,full,True,appendix,exp3,2eebb3dfafa708ac36ff5b5fb2d215b77f5189e37ae94ea9afe8470831770580,e0c1288a22ea2cf3abde9f2c0887f795fe4c2e7d6f705d077ac9a8a819518e6d,source_tree_sha256,030d6bb049591fda35c4e54df090bbc50eb1e12d8482c28cc71dffec7cef6fa0
history_mean_control,3,2.8771741161082955,2.924867876583943,2.9191058379882566,2.855621853875829,2.986878487319832,percentile_user_cluster_sensitivity,sensitivity_only,False,157,1000,exp3-full-20260807T072340Z,full,False,primary,exp3,2eebb3dfafa708ac36ff5b5fb2d215b77f5189e37ae94ea9afe8470831770580,e0c1288a22ea2cf3abde9f2c0887f795fe4c2e7d6f705d077ac9a8a819518e6d,source_tree_sha256,030d6bb049591fda35c4e54df090bbc50eb1e12d8482c28cc71dffec7cef6fa0,exp3-full-20260807T072340Z,full,True,appendix,exp3,2eebb3dfafa708ac36ff5b5fb2d215b77f5189e37ae94ea9afe8470831770580,e0c1288a22ea2cf3abde9f2c0887f795fe4c2e7d6f705d077ac9a8a819518e6d,source_tree_sha256,030d6bb049591fda35c4e54df090bbc50eb1e12d8482c28cc71dffec7cef6fa0
history_mean_control,4,2.9426345397026554,2.9628719136562744,2.9607927828976277,2.8986248061320588,3.025100051336231,percentile_user_cluster_sensitivity,sensitivity_only,False,157,1000,exp3-full-20260807T072340Z,full,False,primary,exp3,2eebb3dfafa708ac36ff5b5fb2d215b77f5189e37ae94ea9afe8470831770580,e0c1288a22ea2cf3abde9f2c0887f795fe4c2e7d6f705d077ac9a8a819518e6d,source_tree_sha256,030d6bb049591fda35c4e54df090bbc50eb1e12d8482c28cc71dffec7cef6fa0,exp3-full-20260807T072340Z,full,True,appendix,exp3,2eebb3dfafa708ac36ff5b5fb2d215b77f5189e37ae94ea9afe8470831770580,e0c1288a22ea2cf3abde9f2c0887f795fe4c2e7d6f705d077ac9a8a819518e6d,source_tree_sha256,030d6bb049591fda35c4e54df090bbc50eb1e12d8482c28cc71dffec7cef6fa0
history_mean_control,5,2.984731584032009,3.010520700962063,3.011716086100532,2.9562269629436777,3.0718559085527803,percentile_user_cluster_sensitivity,sensitivity_only,False,157,1000,exp3-full-20260807T072340Z,full,False,primary,exp3,2eebb3dfafa708ac36ff5b5fb2d215b77f5189e37ae94ea9afe8470831770580,e0c1288a22ea2cf3abde9f2c0887f795fe4c2e7d6f705d077ac9a8a819518e6d,source_tree_sha256,030d6bb049591fda35c4e54df090bbc50eb1e12d8482c28cc71dffec7cef6fa0,exp3-full-20260807T072340Z,full,True,appendix,exp3,2eebb3dfafa708ac36ff5b5fb2d215b77f5189e37ae94ea9afe8470831770580,e0c1288a22ea2cf3abde9f2c0887f795fe4c2e7d6f705d077ac9a8a819518e6d,source_tree_sha256,030d6bb049591fda35c4e54df090bbc50eb1e12d8482c28cc71dffec7cef6fa0
history_mean_control,6,3.030675876526161,3.0110115150762304,3.0138169541387136,2.9635524990467426,3.071305421334623,percentile_user_cluster_sensitivity,sensitivity_only,False,157,1000,exp3-full-20260807T072340Z,full,False,primary,exp3,2eebb3dfafa708ac36ff5b5fb2d215b77f5189e37ae94ea9afe8470831770580,e0c1288a22ea2cf3abde9f2c0887f795fe4c2e7d6f705d077ac9a8a819518e6d,source_tree_sha256,030d6bb049591fda35c4e54df090bbc50eb1e12d8482c28cc71dffec7cef6fa0,exp3-full-20260807T072340Z,full,True,appendix,exp3,2eebb3dfafa708ac36ff5b5fb2d215b77f5189e37ae94ea9afe8470831770580,e0c1288a22ea2cf3abde9f2c0887f795fe4c2e7d6f705d077ac9a8a819518e6d,source_tree_sha256,030d6bb049591fda35c4e54df090bbc50eb1e12d8482c28cc71dffec7cef6fa0
history_mean_control,7,3.071076544590156,3.080554533065702,3.0751069327507854,3.018514283361891,3.1410048021823807,percentile_user_cluster_sensitivity,sensitivity_only,False,157,1000,exp3-full-20260807T072340Z,full,False,primary,exp3,2eebb3dfafa708ac36ff5b5fb2d215b77f5189e37ae94ea9afe8470831770580,e0c1288a22ea2cf3abde9f2c0887f795fe4c2e7d6f705d077ac9a8a819518e6d,source_tree_sha256,030d6bb049591fda35c4e54df090bbc50eb1e12d8482c28cc71dffec7cef6fa0,exp3-full-20260807T072340Z,full,True,appendix,exp3,2eebb3dfafa708ac36ff5b5fb2d215b77f5189e37ae94ea9afe8470831770580,e0c1288a22ea2cf3abde9f2c0887f795fe4c2e7d6f705d077ac9a8a819518e6d,source_tree_sha256,030d6bb049591fda35c4e54df090bbc50eb1e12d8482c28cc71dffec7cef6fa0
history_mean_control,8,3.131209032597351,3.1059252428669613,3.101787952816044,3.045603222317045,3.1564440436650223,percentile_user_cluster_sensitivity,sensitivity_only,False,157,1000,exp3-full-20260807T072340Z,full,False,primary,exp3,2eebb3dfafa708ac36ff5b5fb2d215b77f5189e37ae94ea9afe8470831770580,e0c1288a22ea2cf3abde9f2c0887f795fe4c2e7d6f705d077ac9a8a819518e6d,source_tree_sha256,030d6bb049591fda35c4e54df090bbc50eb1e12d8482c28cc71dffec7cef6fa0,exp3-full-20260807T072340Z,full,True,appendix,exp3,2eebb3dfafa708ac36ff5b5fb2d215b77f5189e37ae94ea9afe8470831770580,e0c1288a22ea2cf3abde9f2c0887f795fe4c2e7d6f705d077ac9a8a819518e6d,source_tree_sha256,030d6bb049591fda35c4e54df090bbc50eb1e12d8482c28cc71dffec7cef6fa0
history_mean_control,9,3.1726592613644007,3.1728655320667367,3.171569784064654,3.1167258979909582,3.228071238176981,percentile_user_cluster_sensitivity,sensitivity_only,False,157,1000,exp3-full-20260807T072340Z,full,False,primary,exp3,2eebb3dfafa708ac36ff5b5fb2d215b77f5189e37ae94ea9afe8470831770580,e0c1288a22ea2cf3abde9f2c0887f795fe4c2e7d6f705d077ac9a8a819518e6d,source_tree_sha256,030d6bb049591fda35c4e54df090bbc50eb1e12d8482c28cc71dffec7cef6fa0,exp3-full-20260807T072340Z,full,True,appendix,exp3,2eebb3dfafa708ac36ff5b5fb2d215b77f5189e37ae94ea9afe8470831770580,e0c1288a22ea2cf3abde9f2c0887f795fe4c2e7d6f705d077ac9a8a819518e6d,source_tree_sha256,030d6bb049591fda35c4e54df090bbc50eb1e12d8482c28cc71dffec7cef6fa0
history_mean_control,10,3.3172925334271723,3.2982421751498885,3.3029314963359653,3.2264069643502142,3.3671197420587937,percentile_user_cluster_sensitivity,sensitivity_only,False,158,1000,exp3-full-20260807T072340Z,full,False,primary,exp3,2eebb3dfafa708ac36ff5b5fb2d215b77f5189e37ae94ea9afe8470831770580,e0c1288a22ea2cf3abde9f2c0887f795fe4c2e7d6f705d077ac9a8a819518e6d,source_tree_sha256,030d6bb049591fda35c4e54df090bbc50eb1e12d8482c28cc71dffec7cef6fa0,exp3-full-20260807T072340Z,full,True,appendix,exp3,2eebb3dfafa708ac36ff5b5fb2d215b77f5189e37ae94ea9afe8470831770580,e0c1288a22ea2cf3abde9f2c0887f795fe4c2e7d6f705d077ac9a8a819518e6d,source_tree_sha256,030d6bb049591fda35c4e54df090bbc50eb1e12d8482c28cc71dffec7cef6fa0
ridge_proxy,1,2.7785782451865577,2.833987643003552,2.834729322224711,2.769133805689109,2.89797734909235,percentile_user_cluster_sensitivity,sensitivity_only,False,158,1000,exp3-full-20260807T072340Z,full,False,primary,exp3,2eebb3dfafa708ac36ff5b5fb2d215b77f5189e37ae94ea9afe8470831770580,e0c1288a22ea2cf3abde9f2c0887f795fe4c2e7d6f705d077ac9a8a819518e6d,source_tree_sha256,030d6bb049591fda35c4e54df090bbc50eb1e12d8482c28cc71dffec7cef6fa0,exp3-full-20260807T072340Z,full,True,appendix,exp3,2eebb3dfafa708ac36ff5b5fb2d215b77f5189e37ae94ea9afe8470831770580,e0c1288a22ea2cf3abde9f2c0887f795fe4c2e7d6f705d077ac9a8a819518e6d,source_tree_sha256,030d6bb049591fda35c4e54df090bbc50eb1e12d8482c28cc71dffec7cef6fa0
ridge_proxy,2,2.829015521882841,2.873195667492259,2.8701100854356465,2.8121140954212147,2.924642985476693,percentile_user_cluster_sensitivity,sensitivity_only,False,157,1000,exp3-full-20260807T072340Z,full,False,primary,exp3,2eebb3dfafa708ac36ff5b5fb2d215b77f5189e37ae94ea9afe8470831770580,e0c1288a22ea2cf3abde9f2c0887f795fe4c2e7d6f705d077ac9a8a819518e6d,source_tree_sha256,030d6bb049591fda35c4e54df090bbc50eb1e12d8482c28cc71dffec7cef6fa0,exp3-full-20260807T072340Z,full,True,appendix,exp3,2eebb3dfafa708ac36ff5b5fb2d215b77f5189e37ae94ea9afe8470831770580,e0c1288a22ea2cf3abde9f2c0887f795fe4c2e7d6f705d077ac9a8a819518e6d,source_tree_sha256,030d6bb049591fda35c4e54df090bbc50eb1e12d8482c28cc71dffec7cef6fa0
ridge_proxy,3,2.8813598951918475,2.907120104659505,2.904287454536933,2.8413211673475263,2.965474914680846,percentile_user_cluster_sensitivity,sensitivity_only,False,157,1000,exp3-full-20260807T072340Z,full,False,primary,exp3,2eebb3dfafa708ac36ff5b5fb2d215b77f5189e37ae94ea9afe8470831770580,e0c1288a22ea2cf3abde9f2c0887f795fe4c2e7d6f705d077ac9a8a819518e6d,source_tree_sha256,030d6bb049591fda35c4e54df090bbc50eb1e12d8482c28cc71dffec7cef6fa0,exp3-full-20260807T072340Z,full,True,appendix,exp3,2eebb3dfafa708ac36ff5b5fb2d215b77f5189e37ae94ea9afe8470831770580,e0c1288a22ea2cf3abde9f2c0887f795fe4c2e7d6f705d077ac9a8a819518e6d,source_tree_sha256,030d6bb049591fda35c4e54df090bbc50eb1e12d8482c28cc71dffec7cef6fa0
ridge_proxy,4,2.9482689211173314,2.9779249041006373,2.978638938576987,2.920874762260772,3.036445275004372,percentile_user_cluster_sensitivity,sensitivity_only,False,157,1000,exp3-full-20260807T072340Z,full,False,primary,exp3,2eebb3dfafa708ac36ff5b5fb2d215b77f5189e37ae94ea9afe8470831770580,e0c1288a22ea2cf3abde9f2c0887f795fe4c2e7d6f705d077ac9a8a819518e6d,source_tree_sha256,030d6bb049591fda35c4e54df090bbc50eb1e12d8482c28cc71dffec7cef6fa0,exp3-full-20260807T072340Z,full,True,appendix,exp3,2eebb3dfafa708ac36ff5b5fb2d215b77f5189e37ae94ea9afe8470831770580,e0c1288a22ea2cf3abde9f2c0887f795fe4c2e7d6f705d077ac9a8a819518e6d,source_tree_sha256,030d6bb049591fda35c4e54df090bbc50eb1e12d8482c28cc71dffec7cef6fa0
ridge_proxy,5,2.994257336496399,2.994697994315471,2.996771171862709,2.951605684015012,3.044305776259762,percentile_user_cluster_sensitivity,sensitivity_only,False,157,1000,exp3-full-20260807T072340Z,full,False,primary,exp3,2eebb3dfafa708ac36ff5b5fb2d215b77f5189e37ae94ea9afe8470831770580,e0c1288a22ea2cf3abde9f2c0887f795fe4c2e7d6f705d077ac9a8a819518e6d,source_tree_sha256,030d6bb049591fda35c4e54df090bbc50eb1e12d8482c28cc71dffec7cef6fa0,exp3-full-20260807T072340Z,full,True,appendix,exp3,2eebb3dfafa708ac36ff5b5fb2d215b77f5189e37ae94ea9afe8470831770580,e0c1288a22ea2cf3abde9f2c0887f795fe4c2e7d6f705d077ac9a8a819518e6d,source_tree_sha256,030d6bb049591fda35c4e54df090bbc50eb1e12d8482c28cc71dffec7cef6fa0
ridge_proxy,6,3.03262175985939,3.049832417257356,3.048701960724481,3.003369927838764,3.1014121552194718,percentile_user_cluster_sensitivity,sensitivity_only,False,157,1000,exp3-full-20260807T072340Z,full,False,primary,exp3,2eebb3dfafa708ac36ff5b5fb2d215b77f5189e37ae94ea9afe8470831770580,e0c1288a22ea2cf3abde9f2c0887f795fe4c2e7d6f705d077ac9a8a819518e6d,source_tree_sha256,030d6bb049591fda35c4e54df090bbc50eb1e12d8482c28cc71dffec7cef6fa0,exp3-full-20260807T072340Z,full,True,appendix,exp3,2eebb3dfafa708ac36ff5b5fb2d215b77f5189e37ae94ea9afe8470831770580,e0c1288a22ea2cf3abde9f2c0887f795fe4c2e7d6f705d077ac9a8a819518e6d,source_tree_sha256,030d6bb049591fda35c4e54df090bbc50eb1e12d8482c28cc71dffec7cef6fa0
ridge_proxy,7,3.0717397131707345,3.059840663660271,3.05637946232684,3.005448662155777,3.108247476382461,percentile_user_cluster_sensitivity,sensitivity_only,False,157,1000,exp3-full-20260807T072340Z,full,False,primary,exp3,2eebb3dfafa708ac36ff5b5fb2d215b77f5189e37ae94ea9afe8470831770580,e0c1288a22ea2cf3abde9f2c0887f795fe4c2e7d6f705d077ac9a8a819518e6d,source_tree_sha256,030d6bb049591fda35c4e54df090bbc50eb1e12d8482c28cc71dffec7cef6fa0,exp3-full-20260807T072340Z,full,True,appendix,exp3,2eebb3dfafa708ac36ff5b5fb2d215b77f5189e37ae94ea9afe8470831770580,e0c1288a22ea2cf3abde9f2c0887f795fe4c2e7d6f705d077ac9a8a819518e6d,source_tree_sha256,030d6bb049591fda35c4e54df090bbc50eb1e12d8482c28cc71dffec7cef6fa0
ridge_proxy,8,3.1041432070873163,3.111970405699842,3.109907799972824,3.063393478159381,3.162709662847847,percentile_user_cluster_sensitivity,sensitivity_only,False,157,1000,exp3-full-20260807T072340Z,full,False,primary,exp3,2eebb3dfafa708ac36ff5b5fb2d215b77f5189e37ae94ea9afe8470831770580,e0c1288a22ea2cf3abde9f2c0887f795fe4c2e7d6f705d077ac9a8a819518e6d,source_tree_sha256,030d6bb049591fda35c4e54df090bbc50eb1e12d8482c28cc71dffec7cef6fa0,exp3-full-20260807T072340Z,full,True,appendix,exp3,2eebb3dfafa708ac36ff5b5fb2d215b77f5189e37ae94ea9afe8470831770580,e0c1288a22ea2cf3abde9f2c0887f795fe4c2e7d6f705d077ac9a8a819518e6d,source_tree_sha256,030d6bb049591fda35c4e54df090bbc50eb1e12d8482c28cc71dffec7cef6fa0
ridge_proxy,9,3.14884272994622,3.1341743967566744,3.131304256575993,3.078756785997036,3.190430214015529,percentile_user_cluster_sensitivity,sensitivity_only,False,157,1000,exp3-full-20260807T072340Z,full,False,primary,exp3,2eebb3dfafa708ac36ff5b5fb2d215b77f5189e37ae94ea9afe8470831770580,e0c1288a22ea2cf3abde9f2c0887f795fe4c2e7d6f705d077ac9a8a819518e6d,source_tree_sha256,030d6bb049591fda35c4e54df090bbc50eb1e12d8482c28cc71dffec7cef6fa0,exp3-full-20260807T072340Z,full,True,appendix,exp3,2eebb3dfafa708ac36ff5b5fb2d215b77f5189e37ae94ea9afe8470831770580,e0c1288a22ea2cf3abde9f2c0887f795fe4c2e7d6f705d077ac9a8a819518e6d,source_tree_sha256,030d6bb049591fda35c4e54df090bbc50eb1e12d8482c28cc71dffec7cef6fa0
ridge_proxy,10,3.3193981134712054,3.3168898085705094,3.3146077101765345,3.24292462858107,3.378903134571436,percentile_user_cluster_sensitivity,sensitivity_only,False,158,1000,exp3-full-20260807T072340Z,full,False,primary,exp3,2eebb3dfafa708ac36ff5b5fb2d215b77f5189e37ae94ea9afe8470831770580,e0c1288a22ea2cf3abde9f2c0887f795fe4c2e7d6f705d077ac9a8a819518e6d,source_tree_sha256,030d6bb049591fda35c4e54df090bbc50eb1e12d8482c28cc71dffec7cef6fa0,exp3-full-20260807T072340Z,full,True,appendix,exp3,2eebb3dfafa708ac36ff5b5fb2d215b77f5189e37ae94ea9afe8470831770580,e0c1288a22ea2cf3abde9f2c0887f795fe4c2e7d6f705d077ac9a8a819518e6d,source_tree_sha256,030d6bb049591fda35c4e54df090bbc50eb1e12d8482c28cc71dffec7cef6fa0
